2026-03-26 10:57:50,600 - __main__ - INFO - Iniciando o sistema central do Robô...
2026-03-26 10:57:50,604 - core.database - INFO - 🗄️ Base de dados inicializada com sucesso.
2026-03-26 10:57:51,904 - bot.telegram_bot - INFO - Bot do Telegram inicializado. Aguardando /start...
2026-03-26 10:57:52,511 - httpx - INFO - HTTP Request: POST https://api.telegram.org/bot8787313826:AAH5BcKXf7xJjTpg48VIc0kZCHiDstzBeNY/getMe "HTTP/1.1 200 OK"
2026-03-26 10:57:52,513 - telegram.ext.Application - INFO - Application started
2026-03-26 10:57:52,709 - httpx - INFO - HTTP Request: POST https://api.telegram.org/bot8787313826:AAH5BcKXf7xJjTpg48VIc0kZCHiDstzBeNY/deleteWebhook "HTTP/1.1 200 OK"
2026-03-26 10:57:52,714 - __main__ - INFO - Aguardando o usuário iniciar via Telegram (Envie /start lá)...
2026-03-26 10:57:58,918 - httpx - INFO - HTTP Request: POST https://api.telegram.org/bot8787313826:AAH5BcKXf7xJjTpg48VIc0kZCHiDstzBeNY/getUpdates "HTTP/1.1 200 OK"
2026-03-26 10:57:59,647 - httpx - INFO - HTTP Request: POST https://api.telegram.org/bot8787313826:AAH5BcKXf7xJjTpg48VIc0kZCHiDstzBeNY/sendMessage "HTTP/1.1 200 OK"
2026-03-26 10:58:09,124 - httpx - INFO - HTTP Request: POST https://api.telegram.org/bot8787313826:AAH5BcKXf7xJjTpg48VIc0kZCHiDstzBeNY/getUpdates "HTTP/1.1 200 OK"
2026-03-26 10:58:19,326 - httpx - INFO - HTTP Request: POST https://api.telegram.org/bot8787313826:AAH5BcKXf7xJjTpg48VIc0kZCHiDstzBeNY/getUpdates "HTTP/1.1 200 OK"
2026-03-26 10:58:21,063 - httpx - INFO - HTTP Request: POST https://api.telegram.org/bot8787313826:AAH5BcKXf7xJjTpg48VIc0kZCHiDstzBeNY/getUpdates "HTTP/1.1 200 OK"
2026-03-26 10:58:21,772 - httpx - INFO - HTTP Request: POST https://api.telegram.org/bot8787313826:AAH5BcKXf7xJjTpg48VIc0kZCHiDstzBeNY/answerCallbackQuery "HTTP/1.1 200 OK"
2026-03-26 10:58:22,104 - httpx - INFO - HTTP Request: POST https://api.telegram.org/bot8787313826:AAH5BcKXf7xJjTpg48VIc0kZCHiDstzBeNY/editMessageText "HTTP/1.1 200 OK"
2026-03-26 10:58:22,116 - __main__ - INFO - 🟢 Iniciando nova sessão com configurações: {'is_demo': True, 'mode': 'strat_consensus', 'profile': 'Agressivo', 'assets': ['SOL/USDT', 'XRP/USDT', 'ETH/USDT'], 'duration': '01:00', 'amount': 1.0, 'martingale_type': 'Sinal', 'martingale_steps': 4, 'martingale_multiplier': 2.0, 'take_profit': 10.0, 'stop_loss': -20.0, 'session_start': '2026-03-26 10:58:22'}
2026-03-26 10:58:22,116 - scraper.hiove_scraper - INFO - Iniciando o navegador do robô...
2026-03-26 10:58:25,963 - scraper.hiove_scraper - INFO - Acessando a página da Hiove...
2026-03-26 10:58:29,796 - scraper.hiove_scraper - INFO - Preenchendo credenciais...
2026-03-26 10:58:29,937 - scraper.hiove_scraper - INFO - Clicando no botão de Login...
2026-03-26 10:58:31,267 - httpx - INFO - HTTP Request: POST https://api.telegram.org/bot8787313826:AAH5BcKXf7xJjTpg48VIc0kZCHiDstzBeNY/getUpdates "HTTP/1.1 200 OK"
2026-03-26 10:58:33,071 - scraper.hiove_scraper - INFO - ✅ Login efetuado com sucesso!
2026-03-26 10:58:33,072 - scraper.hiove_scraper - INFO - Verificando presença de banner inicial...
2026-03-26 10:58:38,077 - scraper.hiove_scraper - INFO - Nenhum banner inicial apareceu. Continuando...
2026-03-26 10:58:38,078 - scraper.hiove_scraper - INFO - Configurando plataforma para operar na: Conta demo
2026-03-26 10:58:41,469 - httpx - INFO - HTTP Request: POST https://api.telegram.org/bot8787313826:AAH5BcKXf7xJjTpg48VIc0kZCHiDstzBeNY/getUpdates "HTTP/1.1 200 OK"
2026-03-26 10:58:51,672 - httpx - INFO - HTTP Request: POST https://api.telegram.org/bot8787313826:AAH5BcKXf7xJjTpg48VIc0kZCHiDstzBeNY/getUpdates "HTTP/1.1 200 OK"
2026-03-26 10:59:01,882 - httpx - INFO - HTTP Request: POST https://api.telegram.org/bot8787313826:AAH5BcKXf7xJjTpg48VIc0kZCHiDstzBeNY/getUpdates "HTTP/1.1 200 OK"
2026-03-26 10:59:11,811 - scraper.hiove_scraper - ERROR - ⚠️ Erro ao tentar trocar de conta: Timeout 30000ms exceeded.
2026-03-26 10:59:11,815 - scraper.hiove_scraper - INFO - 🛡️ Monitor de Tela ativado (Verificação de Relógio e Sessão).
2026-03-26 10:59:12,082 - httpx - INFO - HTTP Request: POST https://api.telegram.org/bot8787313826:AAH5BcKXf7xJjTpg48VIc0kZCHiDstzBeNY/getUpdates "HTTP/1.1 200 OK"
2026-03-26 10:59:12,625 - httpx - INFO - HTTP Request: POST https://api.telegram.org/bot8787313826:AAH5BcKXf7xJjTpg48VIc0kZCHiDstzBeNY/sendMessage "HTTP/1.1 200 OK"
2026-03-26 10:59:12,628 - __main__ - INFO - Criando separadores individuais para cada ativo...
2026-03-26 10:59:12,628 - scraper.hiove_scraper - INFO - Configurando aba para o ativo SOL/USDT...
2026-03-26 10:59:12,628 - scraper.hiove_scraper - INFO - Reaproveitando a aba de login para o ativo SOL/USDT...
2026-03-26 10:59:12,629 - scraper.hiove_scraper - INFO - Pesquisando e selecionando SOL/USDT...
2026-03-26 10:59:22,286 - httpx - INFO - HTTP Request: POST https://api.telegram.org/bot8787313826:AAH5BcKXf7xJjTpg48VIc0kZCHiDstzBeNY/getUpdates "HTTP/1.1 200 OK"
2026-03-26 10:59:28,446 - scraper.hiove_scraper - INFO - [SOL/USDT] Injetando configurações iniciais (Valor: $1.0 | Tempo: 01:00)...
2026-03-26 10:59:29,956 - scraper.hiove_scraper - INFO - [SOL/USDT] Tempo definido para 01:00 através do menu!
2026-03-26 10:59:31,520 - scraper.hiove_scraper - INFO - ✅ Aba do ativo SOL/USDT configurada e PRONTA PARA ATIRAR!
2026-03-26 10:59:31,521 - scraper.hiove_scraper - INFO - Configurando aba para o ativo XRP/USDT...
2026-03-26 10:59:31,521 - scraper.hiove_scraper - INFO - Criando nova aba para o ativo XRP/USDT...
2026-03-26 10:59:32,486 - httpx - INFO - HTTP Request: POST https://api.telegram.org/bot8787313826:AAH5BcKXf7xJjTpg48VIc0kZCHiDstzBeNY/getUpdates "HTTP/1.1 200 OK"
2026-03-26 10:59:37,332 - scraper.hiove_scraper - INFO - Pesquisando e selecionando XRP/USDT...
2026-03-26 10:59:42,692 - httpx - INFO - HTTP Request: POST https://api.telegram.org/bot8787313826:AAH5BcKXf7xJjTpg48VIc0kZCHiDstzBeNY/getUpdates "HTTP/1.1 200 OK"
2026-03-26 10:59:43,414 - scraper.hiove_scraper - INFO - [XRP/USDT] Injetando configurações iniciais (Valor: $1.0 | Tempo: 01:00)...
2026-03-26 10:59:44,951 - scraper.hiove_scraper - INFO - [XRP/USDT] Tempo definido para 01:00 através do menu!
2026-03-26 10:59:46,594 - scraper.hiove_scraper - INFO - ✅ Aba do ativo XRP/USDT configurada e PRONTA PARA ATIRAR!
2026-03-26 10:59:46,701 - scraper.hiove_scraper - INFO - Configurando aba para o ativo ETH/USDT...
2026-03-26 10:59:46,732 - scraper.hiove_scraper - INFO - Criando nova aba para o ativo ETH/USDT...
2026-03-26 10:59:52,442 - scraper.hiove_scraper - INFO - Pesquisando e selecionando ETH/USDT...
2026-03-26 10:59:52,893 - httpx - INFO - HTTP Request: POST https://api.telegram.org/bot8787313826:AAH5BcKXf7xJjTpg48VIc0kZCHiDstzBeNY/getUpdates "HTTP/1.1 200 OK"
2026-03-26 11:00:03,108 - httpx - INFO - HTTP Request: POST https://api.telegram.org/bot8787313826:AAH5BcKXf7xJjTpg48VIc0kZCHiDstzBeNY/getUpdates "HTTP/1.1 200 OK"
2026-03-26 11:00:11,409 - scraper.hiove_scraper - INFO - [ETH/USDT] Injetando configurações iniciais (Valor: $1.0 | Tempo: 01:00)...
2026-03-26 11:00:13,076 - scraper.hiove_scraper - INFO - [ETH/USDT] Tempo definido para 01:00 através do menu!
2026-03-26 11:00:13,314 - httpx - INFO - HTTP Request: POST https://api.telegram.org/bot8787313826:AAH5BcKXf7xJjTpg48VIc0kZCHiDstzBeNY/getUpdates "HTTP/1.1 200 OK"
2026-03-26 11:00:14,878 - scraper.hiove_scraper - INFO - ✅ Aba do ativo ETH/USDT configurada e PRONTA PARA ATIRAR!
2026-03-26 11:00:14,878 - api.broker_api - INFO - Sessão HTTP do Broker iniciada (Conexão com Binance).
2026-03-26 11:00:14,879 - strategy_manager - INFO - Estratégia 'Consensus_SOL/USDT' adicionada ao gerenciador.
2026-03-26 11:00:14,879 - strategy_manager - INFO - Estratégia 'Consensus_XRP/USDT' adicionada ao gerenciador.
2026-03-26 11:00:14,879 - strategy_manager - INFO - Estratégia 'Consensus_ETH/USDT' adicionada ao gerenciador.
2026-03-26 11:00:14,888 - strategy_manager - INFO - Iniciando todas as estratégias em background...
2026-03-26 11:00:14,890 - strategies.consensus_strategy - INFO - [Consensus_SOL/USDT] 🤝 Orquestrador Inteligente iniciado. Modo: Hub Sniper (1+ Votos sem conflito)
2026-03-26 11:00:14,890 - strategies.consensus_strategy - INFO - [Consensus_XRP/USDT] 🤝 Orquestrador Inteligente iniciado. Modo: Hub Sniper (1+ Votos sem conflito)
2026-03-26 11:00:14,890 - strategies.consensus_strategy - INFO - [Consensus_ETH/USDT] 🤝 Orquestrador Inteligente iniciado. Modo: Hub Sniper (1+ Votos sem conflito)
2026-03-26 11:00:15,613 - httpx - INFO - HTTP Request: POST https://api.telegram.org/bot8787313826:AAH5BcKXf7xJjTpg48VIc0kZCHiDstzBeNY/sendMessage "HTTP/1.1 200 OK"
2026-03-26 11:00:23,521 - httpx - INFO - HTTP Request: POST https://api.telegram.org/bot8787313826:AAH5BcKXf7xJjTpg48VIc0kZCHiDstzBeNY/getUpdates "HTTP/1.1 200 OK"
2026-03-26 11:00:33,726 - httpx - INFO - HTTP Request: POST https://api.telegram.org/bot8787313826:AAH5BcKXf7xJjTpg48VIc0kZCHiDstzBeNY/getUpdates "HTTP/1.1 200 OK"
2026-03-26 11:00:43,954 - httpx - INFO - HTTP Request: POST https://api.telegram.org/bot8787313826:AAH5BcKXf7xJjTpg48VIc0kZCHiDstzBeNY/getUpdates "HTTP/1.1 200 OK"
2026-03-26 11:00:52,556 - httpx - INFO - HTTP Request: POST https://api.telegram.org/bot8787313826:AAH5BcKXf7xJjTpg48VIc0kZCHiDstzBeNY/getUpdates "HTTP/1.1 200 OK"
2026-03-26 11:00:53,356 - httpx - INFO - HTTP Request: POST https://api.telegram.org/bot8787313826:AAH5BcKXf7xJjTpg48VIc0kZCHiDstzBeNY/sendMessage "HTTP/1.1 200 OK"
2026-03-26 11:00:55,154 - httpx - INFO - HTTP Request: POST https://api.telegram.org/bot8787313826:AAH5BcKXf7xJjTpg48VIc0kZCHiDstzBeNY/getUpdates "HTTP/1.1 200 OK"
2026-03-26 11:00:55,484 - httpx - INFO - HTTP Request: POST https://api.telegram.org/bot8787313826:AAH5BcKXf7xJjTpg48VIc0kZCHiDstzBeNY/answerCallbackQuery "HTTP/1.1 200 OK"
2026-03-26 11:00:55,819 - httpx - INFO - HTTP Request: POST https://api.telegram.org/bot8787313826:AAH5BcKXf7xJjTpg48VIc0kZCHiDstzBeNY/editMessageText "HTTP/1.1 200 OK"
2026-03-26 11:00:55,973 - __main__ - INFO - Iniciando processo de desligamento da sessão...
2026-03-26 11:00:55,973 - strategy_manager - INFO - Recebido comando para parar todas as estratégias.
2026-03-26 11:00:55,973 - strategy_manager - INFO - Todas as estratégias foram paradas.
2026-03-26 11:00:55,973 - scraper.hiove_scraper - INFO - Fechando todas as abas exclusivas dos ativos...
2026-03-26 11:00:56,011 - scraper.hiove_scraper - INFO - Aba do ativo SOL/USDT fechada com sucesso.
2026-03-26 11:00:56,073 - scraper.hiove_scraper - INFO - Aba do ativo XRP/USDT fechada com sucesso.
2026-03-26 11:00:56,102 - scraper.hiove_scraper - INFO - Aba do ativo ETH/USDT fechada com sucesso.
2026-03-26 11:00:56,120 - api.broker_api - INFO - Sessão HTTP do Broker encerrada.
2026-03-26 11:00:56,123 - scraper.hiove_scraper - INFO - ⏹️ Monitor de Tela encerrado com sucesso.
2026-03-26 11:00:56,304 - httpx - INFO - HTTP Request: POST https://api.telegram.org/bot8787313826:AAH5BcKXf7xJjTpg48VIc0kZCHiDstzBeNY/editMessageText "HTTP/1.1 200 OK"
2026-03-26 11:00:56,455 - __main__ - INFO - Sessão finalizada com sucesso. Memória limpa.
2026-03-26 11:01:05,372 - httpx - INFO - HTTP Request: POST https://api.telegram.org/bot8787313826:AAH5BcKXf7xJjTpg48VIc0kZCHiDstzBeNY/getUpdates "HTTP/1.1 200 OK"
2026-03-26 11:01:08,278 - httpx - INFO - HTTP Request: POST https://api.telegram.org/bot8787313826:AAH5BcKXf7xJjTpg48VIc0kZCHiDstzBeNY/getUpdates "HTTP/1.1 200 OK"
2026-03-26 11:01:09,004 - httpx - INFO - HTTP Request: POST https://api.telegram.org/bot8787313826:AAH5BcKXf7xJjTpg48VIc0kZCHiDstzBeNY/answerCallbackQuery "HTTP/1.1 200 OK"
2026-03-26 11:01:09,345 - httpx - INFO - HTTP Request: POST https://api.telegram.org/bot8787313826:AAH5BcKXf7xJjTpg48VIc0kZCHiDstzBeNY/editMessageText "HTTP/1.1 200 OK"
2026-03-26 11:01:13,721 - __main__ - INFO - Bot interrompido manualmente pelo usuário.
2026-03-26 11:01:39,892 - __main__ - INFO - Iniciando o sistema central do Robô...
2026-03-26 11:01:39,896 - core.database - INFO - 🗄️ Base de dados inicializada com sucesso.
2026-03-26 11:01:41,145 - bot.telegram_bot - INFO - Bot do Telegram inicializado. Aguardando /start...
2026-03-26 11:01:41,752 - httpx - INFO - HTTP Request: POST https://api.telegram.org/bot8787313826:AAH5BcKXf7xJjTpg48VIc0kZCHiDstzBeNY/getMe "HTTP/1.1 200 OK"
2026-03-26 11:01:41,756 - telegram.ext.Application - INFO - Application started
2026-03-26 11:01:41,952 - httpx - INFO - HTTP Request: POST https://api.telegram.org/bot8787313826:AAH5BcKXf7xJjTpg48VIc0kZCHiDstzBeNY/deleteWebhook "HTTP/1.1 200 OK"
2026-03-26 11:01:41,955 - __main__ - INFO - Aguardando o usuário iniciar via Telegram (Envie /start lá)...
2026-03-26 11:01:52,818 - httpx - INFO - HTTP Request: POST https://api.telegram.org/bot8787313826:AAH5BcKXf7xJjTpg48VIc0kZCHiDstzBeNY/getUpdates "HTTP/1.1 200 OK"
2026-03-26 11:02:03,022 - httpx - INFO - HTTP Request: POST https://api.telegram.org/bot8787313826:AAH5BcKXf7xJjTpg48VIc0kZCHiDstzBeNY/getUpdates "HTTP/1.1 200 OK"
2026-03-26 11:02:10,710 - httpx - INFO - HTTP Request: POST https://api.telegram.org/bot8787313826:AAH5BcKXf7xJjTpg48VIc0kZCHiDstzBeNY/getUpdates "HTTP/1.1 200 OK"
2026-03-26 11:02:11,650 - httpx - INFO - HTTP Request: POST https://api.telegram.org/bot8787313826:AAH5BcKXf7xJjTpg48VIc0kZCHiDstzBeNY/sendMessage "HTTP/1.1 200 OK"
2026-03-26 11:02:14,457 - httpx - INFO - HTTP Request: POST https://api.telegram.org/bot8787313826:AAH5BcKXf7xJjTpg48VIc0kZCHiDstzBeNY/getUpdates "HTTP/1.1 200 OK"
2026-03-26 11:02:14,774 - httpx - INFO - HTTP Request: POST https://api.telegram.org/bot8787313826:AAH5BcKXf7xJjTpg48VIc0kZCHiDstzBeNY/answerCallbackQuery "HTTP/1.1 200 OK"
2026-03-26 11:02:15,114 - httpx - INFO - HTTP Request: POST https://api.telegram.org/bot8787313826:AAH5BcKXf7xJjTpg48VIc0kZCHiDstzBeNY/editMessageText "HTTP/1.1 200 OK"
2026-03-26 11:02:15,142 - __main__ - INFO - 🟢 Iniciando nova sessão com configurações: {'is_demo': True, 'mode': 'strat_consensus', 'profile': 'Agressivo', 'assets': ['SOL/USDT', 'XRP/USDT', 'ETH/USDT'], 'duration': '01:00', 'amount': 1.0, 'martingale_type': 'Sinal', 'martingale_steps': 4, 'martingale_multiplier': 2.0, 'take_profit': 10.0, 'stop_loss': -20.0, 'session_start': '2026-03-26 11:02:15'}
2026-03-26 11:02:15,143 - scraper.hiove_scraper - INFO - Iniciando o navegador do robô...
2026-03-26 11:02:17,256 - scraper.hiove_scraper - INFO - Acessando a página da Hiove...
2026-03-26 11:02:24,662 - httpx - INFO - HTTP Request: POST https://api.telegram.org/bot8787313826:AAH5BcKXf7xJjTpg48VIc0kZCHiDstzBeNY/getUpdates "HTTP/1.1 200 OK"
2026-03-26 11:02:27,185 - scraper.hiove_scraper - INFO - Preenchendo credenciais...
2026-03-26 11:02:27,319 - scraper.hiove_scraper - INFO - Clicando no botão de Login...
2026-03-26 11:02:30,481 - scraper.hiove_scraper - INFO - ✅ Login efetuado com sucesso!
2026-03-26 11:02:30,482 - scraper.hiove_scraper - INFO - Verificando presença de banner inicial...
2026-03-26 11:02:34,865 - httpx - INFO - HTTP Request: POST https://api.telegram.org/bot8787313826:AAH5BcKXf7xJjTpg48VIc0kZCHiDstzBeNY/getUpdates "HTTP/1.1 200 OK"
2026-03-26 11:02:35,488 - scraper.hiove_scraper - INFO - Nenhum banner inicial apareceu. Continuando...
2026-03-26 11:02:35,488 - scraper.hiove_scraper - INFO - Configurando plataforma para operar na: Conta demo
2026-03-26 11:02:40,683 - scraper.hiove_scraper - INFO - ✅ Conta Conta demo selecionada e confirmada!
2026-03-26 11:02:40,686 - scraper.hiove_scraper - INFO - 🛡️ Monitor de Tela ativado (Verificação de Relógio e Sessão).
2026-03-26 11:02:41,432 - httpx - INFO - HTTP Request: POST https://api.telegram.org/bot8787313826:AAH5BcKXf7xJjTpg48VIc0kZCHiDstzBeNY/sendMessage "HTTP/1.1 200 OK"
2026-03-26 11:02:41,439 - __main__ - INFO - Criando separadores individuais para cada ativo...
2026-03-26 11:02:41,439 - scraper.hiove_scraper - INFO - Configurando aba para o ativo SOL/USDT...
2026-03-26 11:02:41,439 - scraper.hiove_scraper - INFO - Reaproveitando a aba de login para o ativo SOL/USDT...
2026-03-26 11:02:41,439 - scraper.hiove_scraper - INFO - Pesquisando e selecionando SOL/USDT...
2026-03-26 11:02:45,070 - httpx - INFO - HTTP Request: POST https://api.telegram.org/bot8787313826:AAH5BcKXf7xJjTpg48VIc0kZCHiDstzBeNY/getUpdates "HTTP/1.1 200 OK"
2026-03-26 11:02:47,133 - scraper.hiove_scraper - INFO - [SOL/USDT] Injetando configurações iniciais (Valor: $1.0 | Tempo: 01:00)...
2026-03-26 11:02:48,568 - scraper.hiove_scraper - INFO - [SOL/USDT] Tempo definido para 01:00 através do menu!
2026-03-26 11:02:50,038 - scraper.hiove_scraper - INFO - ✅ Aba do ativo SOL/USDT configurada e PRONTA PARA ATIRAR!
2026-03-26 11:02:50,039 - scraper.hiove_scraper - INFO - Configurando aba para o ativo XRP/USDT...
2026-03-26 11:02:50,039 - scraper.hiove_scraper - INFO - Criando nova aba para o ativo XRP/USDT...
2026-03-26 11:02:55,277 - httpx - INFO - HTTP Request: POST https://api.telegram.org/bot8787313826:AAH5BcKXf7xJjTpg48VIc0kZCHiDstzBeNY/getUpdates "HTTP/1.1 200 OK"
2026-03-26 11:02:55,930 - scraper.hiove_scraper - INFO - Pesquisando e selecionando XRP/USDT...
2026-03-26 11:03:05,485 - httpx - INFO - HTTP Request: POST https://api.telegram.org/bot8787313826:AAH5BcKXf7xJjTpg48VIc0kZCHiDstzBeNY/getUpdates "HTTP/1.1 200 OK"
2026-03-26 11:03:12,375 - scraper.hiove_scraper - INFO - [XRP/USDT] Injetando configurações iniciais (Valor: $1.0 | Tempo: 01:00)...
2026-03-26 11:03:13,664 - scraper.hiove_scraper - INFO - [XRP/USDT] Tempo definido para 01:00 através do menu!
2026-03-26 11:03:15,187 - scraper.hiove_scraper - INFO - ✅ Aba do ativo XRP/USDT configurada e PRONTA PARA ATIRAR!
2026-03-26 11:03:15,188 - scraper.hiove_scraper - INFO - Configurando aba para o ativo ETH/USDT...
2026-03-26 11:03:15,189 - scraper.hiove_scraper - INFO - Criando nova aba para o ativo ETH/USDT...
2026-03-26 11:03:15,689 - httpx - INFO - HTTP Request: POST https://api.telegram.org/bot8787313826:AAH5BcKXf7xJjTpg48VIc0kZCHiDstzBeNY/getUpdates "HTTP/1.1 200 OK"
2026-03-26 11:03:20,613 - scraper.hiove_scraper - INFO - Pesquisando e selecionando ETH/USDT...
2026-03-26 11:03:25,895 - httpx - INFO - HTTP Request: POST https://api.telegram.org/bot8787313826:AAH5BcKXf7xJjTpg48VIc0kZCHiDstzBeNY/getUpdates "HTTP/1.1 200 OK"
2026-03-26 11:03:27,170 - scraper.hiove_scraper - INFO - [ETH/USDT] Injetando configurações iniciais (Valor: $1.0 | Tempo: 01:00)...
2026-03-26 11:03:28,650 - scraper.hiove_scraper - INFO - [ETH/USDT] Tempo definido para 01:00 através do menu!
2026-03-26 11:03:30,038 - scraper.hiove_scraper - INFO - ✅ Aba do ativo ETH/USDT configurada e PRONTA PARA ATIRAR!
2026-03-26 11:03:30,038 - api.broker_api - INFO - Sessão HTTP do Broker iniciada (Conexão com Binance).
2026-03-26 11:03:30,039 - strategy_manager - INFO - Estratégia 'Consensus_SOL/USDT' adicionada ao gerenciador.
2026-03-26 11:03:30,039 - strategy_manager - INFO - Estratégia 'Consensus_XRP/USDT' adicionada ao gerenciador.
2026-03-26 11:03:30,039 - strategy_manager - INFO - Estratégia 'Consensus_ETH/USDT' adicionada ao gerenciador.
2026-03-26 11:03:30,043 - strategy_manager - INFO - Iniciando todas as estratégias em background...
2026-03-26 11:03:30,045 - strategies.consensus_strategy - INFO - [Consensus_SOL/USDT] 🤝 Orquestrador Inteligente iniciado. Modo: Hub Sniper (1+ Votos sem conflito)
2026-03-26 11:03:30,046 - strategies.consensus_strategy - INFO - [Consensus_XRP/USDT] 🤝 Orquestrador Inteligente iniciado. Modo: Hub Sniper (1+ Votos sem conflito)
2026-03-26 11:03:30,046 - strategies.consensus_strategy - INFO - [Consensus_ETH/USDT] 🤝 Orquestrador Inteligente iniciado. Modo: Hub Sniper (1+ Votos sem conflito)
2026-03-26 11:03:30,779 - httpx - INFO - HTTP Request: POST https://api.telegram.org/bot8787313826:AAH5BcKXf7xJjTpg48VIc0kZCHiDstzBeNY/sendMessage "HTTP/1.1 200 OK"
2026-03-26 11:03:36,105 - httpx - INFO - HTTP Request: POST https://api.telegram.org/bot8787313826:AAH5BcKXf7xJjTpg48VIc0kZCHiDstzBeNY/getUpdates "HTTP/1.1 200 OK"
2026-03-26 11:03:46,312 - httpx - INFO - HTTP Request: POST https://api.telegram.org/bot8787313826:AAH5BcKXf7xJjTpg48VIc0kZCHiDstzBeNY/getUpdates "HTTP/1.1 200 OK"
2026-03-26 11:03:56,520 - httpx - INFO - HTTP Request: POST https://api.telegram.org/bot8787313826:AAH5BcKXf7xJjTpg48VIc0kZCHiDstzBeNY/getUpdates "HTTP/1.1 200 OK"
2026-03-26 11:04:01,000 - strategies.rsi_strategy - INFO - [RSIPro_SOL/USDT] Analisando RSI Pro + SMMA + Bandas de Bollinger + ADX + Volume...
2026-03-26 11:04:01,001 - strategies.ma_cross_strategy - INFO - [MACrossPro_SOL/USDT] A processar MA Cross Pro (EMA 5/13) + SMMA + RSI + ADX + Volume...
2026-03-26 11:04:01,001 - strategies.engulf_ma_strategy - INFO - [PriceActionPro_SOL/USDT] Analisando Price Action Pro + EMA 5 + SMMA 21 + RSI + ADX + Volume...
2026-03-26 11:04:01,002 - strategies.rsi_strategy - INFO - [RSIPro_ETH/USDT] Analisando RSI Pro + SMMA + Bandas de Bollinger + ADX + Volume...
2026-03-26 11:04:01,002 - strategies.ma_cross_strategy - INFO - [MACrossPro_ETH/USDT] A processar MA Cross Pro (EMA 5/13) + SMMA + RSI + ADX + Volume...
2026-03-26 11:04:01,003 - strategies.engulf_ma_strategy - INFO - [PriceActionPro_ETH/USDT] Analisando Price Action Pro + EMA 5 + SMMA 21 + RSI + ADX + Volume...
2026-03-26 11:04:01,003 - strategies.rsi_strategy - INFO - [RSIPro_XRP/USDT] Analisando RSI Pro + SMMA + Bandas de Bollinger + ADX + Volume...
2026-03-26 11:04:01,003 - strategies.ma_cross_strategy - INFO - [MACrossPro_XRP/USDT] A processar MA Cross Pro (EMA 5/13) + SMMA + RSI + ADX + Volume...
2026-03-26 11:04:01,004 - strategies.engulf_ma_strategy - INFO - [PriceActionPro_XRP/USDT] Analisando Price Action Pro + EMA 5 + SMMA 21 + RSI + ADX + Volume...
2026-03-26 11:04:06,725 - httpx - INFO - HTTP Request: POST https://api.telegram.org/bot8787313826:AAH5BcKXf7xJjTpg48VIc0kZCHiDstzBeNY/getUpdates "HTTP/1.1 200 OK"
2026-03-26 11:04:16,932 - httpx - INFO - HTTP Request: POST https://api.telegram.org/bot8787313826:AAH5BcKXf7xJjTpg48VIc0kZCHiDstzBeNY/getUpdates "HTTP/1.1 200 OK"
2026-03-26 11:04:27,140 - httpx - INFO - HTTP Request: POST https://api.telegram.org/bot8787313826:AAH5BcKXf7xJjTpg48VIc0kZCHiDstzBeNY/getUpdates "HTTP/1.1 200 OK"
2026-03-26 11:04:37,344 - httpx - INFO - HTTP Request: POST https://api.telegram.org/bot8787313826:AAH5BcKXf7xJjTpg48VIc0kZCHiDstzBeNY/getUpdates "HTTP/1.1 200 OK"
2026-03-26 11:04:47,547 - httpx - INFO - HTTP Request: POST https://api.telegram.org/bot8787313826:AAH5BcKXf7xJjTpg48VIc0kZCHiDstzBeNY/getUpdates "HTTP/1.1 200 OK"
2026-03-26 11:04:57,753 - httpx - INFO - HTTP Request: POST https://api.telegram.org/bot8787313826:AAH5BcKXf7xJjTpg48VIc0kZCHiDstzBeNY/getUpdates "HTTP/1.1 200 OK"
2026-03-26 11:05:01,011 - strategies.rsi_strategy - INFO - [RSIPro_SOL/USDT] Analisando RSI Pro + SMMA + Bandas de Bollinger + ADX + Volume...
2026-03-26 11:05:01,012 - strategies.ma_cross_strategy - INFO - [MACrossPro_SOL/USDT] A processar MA Cross Pro (EMA 5/13) + SMMA + RSI + ADX + Volume...
2026-03-26 11:05:01,012 - strategies.engulf_ma_strategy - INFO - [PriceActionPro_SOL/USDT] Analisando Price Action Pro + EMA 5 + SMMA 21 + RSI + ADX + Volume...
2026-03-26 11:05:01,013 - strategies.rsi_strategy - INFO - [RSIPro_XRP/USDT] Analisando RSI Pro + SMMA + Bandas de Bollinger + ADX + Volume...
2026-03-26 11:05:01,013 - strategies.ma_cross_strategy - INFO - [MACrossPro_XRP/USDT] A processar MA Cross Pro (EMA 5/13) + SMMA + RSI + ADX + Volume...
2026-03-26 11:05:01,013 - strategies.engulf_ma_strategy - INFO - [PriceActionPro_XRP/USDT] Analisando Price Action Pro + EMA 5 + SMMA 21 + RSI + ADX + Volume...
2026-03-26 11:05:01,014 - strategies.rsi_strategy - INFO - [RSIPro_ETH/USDT] Analisando RSI Pro + SMMA + Bandas de Bollinger + ADX + Volume...
2026-03-26 11:05:01,014 - strategies.ma_cross_strategy - INFO - [MACrossPro_ETH/USDT] A processar MA Cross Pro (EMA 5/13) + SMMA + RSI + ADX + Volume...
2026-03-26 11:05:01,014 - strategies.engulf_ma_strategy - INFO - [PriceActionPro_ETH/USDT] Analisando Price Action Pro + EMA 5 + SMMA 21 + RSI + ADX + Volume...
2026-03-26 11:05:07,956 - httpx - INFO - HTTP Request: POST https://api.telegram.org/bot8787313826:AAH5BcKXf7xJjTpg48VIc0kZCHiDstzBeNY/getUpdates "HTTP/1.1 200 OK"
2026-03-26 11:05:18,159 - httpx - INFO - HTTP Request: POST https://api.telegram.org/bot8787313826:AAH5BcKXf7xJjTpg48VIc0kZCHiDstzBeNY/getUpdates "HTTP/1.1 200 OK"
2026-03-26 11:05:28,363 - httpx - INFO - HTTP Request: POST https://api.telegram.org/bot8787313826:AAH5BcKXf7xJjTpg48VIc0kZCHiDstzBeNY/getUpdates "HTTP/1.1 200 OK"
2026-03-26 11:05:38,567 - httpx - INFO - HTTP Request: POST https://api.telegram.org/bot8787313826:AAH5BcKXf7xJjTpg48VIc0kZCHiDstzBeNY/getUpdates "HTTP/1.1 200 OK"
2026-03-26 11:05:48,774 - httpx - INFO - HTTP Request: POST https://api.telegram.org/bot8787313826:AAH5BcKXf7xJjTpg48VIc0kZCHiDstzBeNY/getUpdates "HTTP/1.1 200 OK"
2026-03-26 11:05:58,980 - httpx - INFO - HTTP Request: POST https://api.telegram.org/bot8787313826:AAH5BcKXf7xJjTpg48VIc0kZCHiDstzBeNY/getUpdates "HTTP/1.1 200 OK"
2026-03-26 11:06:00,996 - strategies.rsi_strategy - INFO - [RSIPro_XRP/USDT] Analisando RSI Pro + SMMA + Bandas de Bollinger + ADX + Volume...
2026-03-26 11:06:00,997 - strategies.ma_cross_strategy - INFO - [MACrossPro_XRP/USDT] A processar MA Cross Pro (EMA 5/13) + SMMA + RSI + ADX + Volume...
2026-03-26 11:06:00,997 - strategies.engulf_ma_strategy - INFO - [PriceActionPro_XRP/USDT] Analisando Price Action Pro + EMA 5 + SMMA 21 + RSI + ADX + Volume...
2026-03-26 11:06:00,997 - strategies.rsi_strategy - INFO - [RSIPro_SOL/USDT] Analisando RSI Pro + SMMA + Bandas de Bollinger + ADX + Volume...
2026-03-26 11:06:00,997 - strategies.ma_cross_strategy - INFO - [MACrossPro_SOL/USDT] A processar MA Cross Pro (EMA 5/13) + SMMA + RSI + ADX + Volume...
2026-03-26 11:06:00,997 - strategies.engulf_ma_strategy - INFO - [PriceActionPro_SOL/USDT] Analisando Price Action Pro + EMA 5 + SMMA 21 + RSI + ADX + Volume...
2026-03-26 11:06:00,998 - strategies.rsi_strategy - INFO - [RSIPro_ETH/USDT] Analisando RSI Pro + SMMA + Bandas de Bollinger + ADX + Volume...
2026-03-26 11:06:00,999 - strategies.ma_cross_strategy - INFO - [MACrossPro_ETH/USDT] A processar MA Cross Pro (EMA 5/13) + SMMA + RSI + ADX + Volume...
2026-03-26 11:06:01,000 - strategies.engulf_ma_strategy - INFO - [PriceActionPro_ETH/USDT] Analisando Price Action Pro + EMA 5 + SMMA 21 + RSI + ADX + Volume...
2026-03-26 11:06:09,184 - httpx - INFO - HTTP Request: POST https://api.telegram.org/bot8787313826:AAH5BcKXf7xJjTpg48VIc0kZCHiDstzBeNY/getUpdates "HTTP/1.1 200 OK"
2026-03-26 11:06:19,387 - httpx - INFO - HTTP Request: POST https://api.telegram.org/bot8787313826:AAH5BcKXf7xJjTpg48VIc0kZCHiDstzBeNY/getUpdates "HTTP/1.1 200 OK"
2026-03-26 11:06:29,590 - httpx - INFO - HTTP Request: POST https://api.telegram.org/bot8787313826:AAH5BcKXf7xJjTpg48VIc0kZCHiDstzBeNY/getUpdates "HTTP/1.1 200 OK"
2026-03-26 11:06:39,795 - httpx - INFO - HTTP Request: POST https://api.telegram.org/bot8787313826:AAH5BcKXf7xJjTpg48VIc0kZCHiDstzBeNY/getUpdates "HTTP/1.1 200 OK"
2026-03-26 11:06:50,000 - httpx - INFO - HTTP Request: POST https://api.telegram.org/bot8787313826:AAH5BcKXf7xJjTpg48VIc0kZCHiDstzBeNY/getUpdates "HTTP/1.1 200 OK"
2026-03-26 11:07:00,207 - httpx - INFO - HTTP Request: POST https://api.telegram.org/bot8787313826:AAH5BcKXf7xJjTpg48VIc0kZCHiDstzBeNY/getUpdates "HTTP/1.1 200 OK"
2026-03-26 11:07:01,001 - strategies.rsi_strategy - INFO - [RSIPro_SOL/USDT] Analisando RSI Pro + SMMA + Bandas de Bollinger + ADX + Volume...
2026-03-26 11:07:01,001 - strategies.ma_cross_strategy - INFO - [MACrossPro_SOL/USDT] A processar MA Cross Pro (EMA 5/13) + SMMA + RSI + ADX + Volume...
2026-03-26 11:07:01,003 - strategies.engulf_ma_strategy - INFO - [PriceActionPro_SOL/USDT] Analisando Price Action Pro + EMA 5 + SMMA 21 + RSI + ADX + Volume...
2026-03-26 11:07:01,003 - strategies.rsi_strategy - INFO - [RSIPro_XRP/USDT] Analisando RSI Pro + SMMA + Bandas de Bollinger + ADX + Volume...
2026-03-26 11:07:01,004 - strategies.ma_cross_strategy - INFO - [MACrossPro_XRP/USDT] A processar MA Cross Pro (EMA 5/13) + SMMA + RSI + ADX + Volume...
2026-03-26 11:07:01,004 - strategies.engulf_ma_strategy - INFO - [PriceActionPro_XRP/USDT] Analisando Price Action Pro + EMA 5 + SMMA 21 + RSI + ADX + Volume...
2026-03-26 11:07:01,004 - strategies.rsi_strategy - INFO - [RSIPro_ETH/USDT] Analisando RSI Pro + SMMA + Bandas de Bollinger + ADX + Volume...
2026-03-26 11:07:01,005 - strategies.ma_cross_strategy - INFO - [MACrossPro_ETH/USDT] A processar MA Cross Pro (EMA 5/13) + SMMA + RSI + ADX + Volume...
2026-03-26 11:07:01,005 - strategies.engulf_ma_strategy - INFO - [PriceActionPro_ETH/USDT] Analisando Price Action Pro + EMA 5 + SMMA 21 + RSI + ADX + Volume...
2026-03-26 11:07:10,418 - httpx - INFO - HTTP Request: POST https://api.telegram.org/bot8787313826:AAH5BcKXf7xJjTpg48VIc0kZCHiDstzBeNY/getUpdates "HTTP/1.1 200 OK"
2026-03-26 11:07:20,624 - httpx - INFO - HTTP Request: POST https://api.telegram.org/bot8787313826:AAH5BcKXf7xJjTpg48VIc0kZCHiDstzBeNY/getUpdates "HTTP/1.1 200 OK"
2026-03-26 11:07:30,829 - httpx - INFO - HTTP Request: POST https://api.telegram.org/bot8787313826:AAH5BcKXf7xJjTpg48VIc0kZCHiDstzBeNY/getUpdates "HTTP/1.1 200 OK"
2026-03-26 11:07:41,067 - httpx - INFO - HTTP Request: POST https://api.telegram.org/bot8787313826:AAH5BcKXf7xJjTpg48VIc0kZCHiDstzBeNY/getUpdates "HTTP/1.1 200 OK"
2026-03-26 11:07:51,272 - httpx - INFO - HTTP Request: POST https://api.telegram.org/bot8787313826:AAH5BcKXf7xJjTpg48VIc0kZCHiDstzBeNY/getUpdates "HTTP/1.1 200 OK"
2026-03-26 11:08:00,990 - strategies.rsi_strategy - INFO - [RSIPro_ETH/USDT] Analisando RSI Pro + SMMA + Bandas de Bollinger + ADX + Volume...
2026-03-26 11:08:00,990 - strategies.ma_cross_strategy - INFO - [MACrossPro_ETH/USDT] A processar MA Cross Pro (EMA 5/13) + SMMA + RSI + ADX + Volume...
2026-03-26 11:08:00,991 - strategies.engulf_ma_strategy - INFO - [PriceActionPro_ETH/USDT] Analisando Price Action Pro + EMA 5 + SMMA 21 + RSI + ADX + Volume...
2026-03-26 11:08:00,991 - strategies.rsi_strategy - INFO - [RSIPro_SOL/USDT] Analisando RSI Pro + SMMA + Bandas de Bollinger + ADX + Volume...
2026-03-26 11:08:00,992 - strategies.ma_cross_strategy - INFO - [MACrossPro_SOL/USDT] A processar MA Cross Pro (EMA 5/13) + SMMA + RSI + ADX + Volume...
2026-03-26 11:08:00,992 - strategies.engulf_ma_strategy - INFO - [PriceActionPro_SOL/USDT] Analisando Price Action Pro + EMA 5 + SMMA 21 + RSI + ADX + Volume...
2026-03-26 11:08:00,993 - strategies.rsi_strategy - INFO - [RSIPro_XRP/USDT] Analisando RSI Pro + SMMA + Bandas de Bollinger + ADX + Volume...
2026-03-26 11:08:00,993 - strategies.ma_cross_strategy - INFO - [MACrossPro_XRP/USDT] A processar MA Cross Pro (EMA 5/13) + SMMA + RSI + ADX + Volume...
2026-03-26 11:08:00,993 - strategies.engulf_ma_strategy - INFO - [PriceActionPro_XRP/USDT] Analisando Price Action Pro + EMA 5 + SMMA 21 + RSI + ADX + Volume...
2026-03-26 11:08:01,475 - httpx - INFO - HTTP Request: POST https://api.telegram.org/bot8787313826:AAH5BcKXf7xJjTpg48VIc0kZCHiDstzBeNY/getUpdates "HTTP/1.1 200 OK"
2026-03-26 11:08:11,679 - httpx - INFO - HTTP Request: POST https://api.telegram.org/bot8787313826:AAH5BcKXf7xJjTpg48VIc0kZCHiDstzBeNY/getUpdates "HTTP/1.1 200 OK"
2026-03-26 11:08:21,883 - httpx - INFO - HTTP Request: POST https://api.telegram.org/bot8787313826:AAH5BcKXf7xJjTpg48VIc0kZCHiDstzBeNY/getUpdates "HTTP/1.1 200 OK"
2026-03-26 11:08:32,086 - httpx - INFO - HTTP Request: POST https://api.telegram.org/bot8787313826:AAH5BcKXf7xJjTpg48VIc0kZCHiDstzBeNY/getUpdates "HTTP/1.1 200 OK"
2026-03-26 11:08:42,289 - httpx - INFO - HTTP Request: POST https://api.telegram.org/bot8787313826:AAH5BcKXf7xJjTpg48VIc0kZCHiDstzBeNY/getUpdates "HTTP/1.1 200 OK"
2026-03-26 11:08:52,492 - httpx - INFO - HTTP Request: POST https://api.telegram.org/bot8787313826:AAH5BcKXf7xJjTpg48VIc0kZCHiDstzBeNY/getUpdates "HTTP/1.1 200 OK"
2026-03-26 11:09:01,001 - strategies.rsi_strategy - INFO - [RSIPro_SOL/USDT] Analisando RSI Pro + SMMA + Bandas de Bollinger + ADX + Volume...
2026-03-26 11:09:01,002 - strategies.ma_cross_strategy - INFO - [MACrossPro_SOL/USDT] A processar MA Cross Pro (EMA 5/13) + SMMA + RSI + ADX + Volume...
2026-03-26 11:09:01,002 - strategies.engulf_ma_strategy - INFO - [PriceActionPro_SOL/USDT] Analisando Price Action Pro + EMA 5 + SMMA 21 + RSI + ADX + Volume...
2026-03-26 11:09:01,003 - strategies.rsi_strategy - INFO - [RSIPro_ETH/USDT] Analisando RSI Pro + SMMA + Bandas de Bollinger + ADX + Volume...
2026-03-26 11:09:01,003 - strategies.ma_cross_strategy - INFO - [MACrossPro_ETH/USDT] A processar MA Cross Pro (EMA 5/13) + SMMA + RSI + ADX + Volume...
2026-03-26 11:09:01,003 - strategies.engulf_ma_strategy - INFO - [PriceActionPro_ETH/USDT] Analisando Price Action Pro + EMA 5 + SMMA 21 + RSI + ADX + Volume...
2026-03-26 11:09:01,004 - strategies.rsi_strategy - INFO - [RSIPro_XRP/USDT] Analisando RSI Pro + SMMA + Bandas de Bollinger + ADX + Volume...
2026-03-26 11:09:01,004 - strategies.ma_cross_strategy - INFO - [MACrossPro_XRP/USDT] A processar MA Cross Pro (EMA 5/13) + SMMA + RSI + ADX + Volume...
2026-03-26 11:09:01,005 - strategies.engulf_ma_strategy - INFO - [PriceActionPro_XRP/USDT] Analisando Price Action Pro + EMA 5 + SMMA 21 + RSI + ADX + Volume...
2026-03-26 11:09:02,697 - httpx - INFO - HTTP Request: POST https://api.telegram.org/bot8787313826:AAH5BcKXf7xJjTpg48VIc0kZCHiDstzBeNY/getUpdates "HTTP/1.1 200 OK"
2026-03-26 11:09:12,904 - httpx - INFO - HTTP Request: POST https://api.telegram.org/bot8787313826:AAH5BcKXf7xJjTpg48VIc0kZCHiDstzBeNY/getUpdates "HTTP/1.1 200 OK"
2026-03-26 11:09:23,108 - httpx - INFO - HTTP Request: POST https://api.telegram.org/bot8787313826:AAH5BcKXf7xJjTpg48VIc0kZCHiDstzBeNY/getUpdates "HTTP/1.1 200 OK"
2026-03-26 11:09:33,311 - httpx - INFO - HTTP Request: POST https://api.telegram.org/bot8787313826:AAH5BcKXf7xJjTpg48VIc0kZCHiDstzBeNY/getUpdates "HTTP/1.1 200 OK"
2026-03-26 11:09:43,517 - httpx - INFO - HTTP Request: POST https://api.telegram.org/bot8787313826:AAH5BcKXf7xJjTpg48VIc0kZCHiDstzBeNY/getUpdates "HTTP/1.1 200 OK"
2026-03-26 11:09:53,721 - httpx - INFO - HTTP Request: POST https://api.telegram.org/bot8787313826:AAH5BcKXf7xJjTpg48VIc0kZCHiDstzBeNY/getUpdates "HTTP/1.1 200 OK"
2026-03-26 11:10:00,992 - strategies.rsi_strategy - INFO - [RSIPro_SOL/USDT] Analisando RSI Pro + SMMA + Bandas de Bollinger + ADX + Volume...
2026-03-26 11:10:00,993 - strategies.ma_cross_strategy - INFO - [MACrossPro_SOL/USDT] A processar MA Cross Pro (EMA 5/13) + SMMA + RSI + ADX + Volume...
2026-03-26 11:10:00,994 - strategies.engulf_ma_strategy - INFO - [PriceActionPro_SOL/USDT] Analisando Price Action Pro + EMA 5 + SMMA 21 + RSI + ADX + Volume...
2026-03-26 11:10:00,994 - strategies.rsi_strategy - INFO - [RSIPro_XRP/USDT] Analisando RSI Pro + SMMA + Bandas de Bollinger + ADX + Volume...
2026-03-26 11:10:00,994 - strategies.ma_cross_strategy - INFO - [MACrossPro_XRP/USDT] A processar MA Cross Pro (EMA 5/13) + SMMA + RSI + ADX + Volume...
2026-03-26 11:10:00,995 - strategies.engulf_ma_strategy - INFO - [PriceActionPro_XRP/USDT] Analisando Price Action Pro + EMA 5 + SMMA 21 + RSI + ADX + Volume...
2026-03-26 11:10:00,995 - strategies.rsi_strategy - INFO - [RSIPro_ETH/USDT] Analisando RSI Pro + SMMA + Bandas de Bollinger + ADX + Volume...
2026-03-26 11:10:00,995 - strategies.ma_cross_strategy - INFO - [MACrossPro_ETH/USDT] A processar MA Cross Pro (EMA 5/13) + SMMA + RSI + ADX + Volume...
2026-03-26 11:10:00,996 - strategies.engulf_ma_strategy - INFO - [PriceActionPro_ETH/USDT] Analisando Price Action Pro + EMA 5 + SMMA 21 + RSI + ADX + Volume...
2026-03-26 11:10:03,927 - httpx - INFO - HTTP Request: POST https://api.telegram.org/bot8787313826:AAH5BcKXf7xJjTpg48VIc0kZCHiDstzBeNY/getUpdates "HTTP/1.1 200 OK"
2026-03-26 11:10:14,131 - httpx - INFO - HTTP Request: POST https://api.telegram.org/bot8787313826:AAH5BcKXf7xJjTpg48VIc0kZCHiDstzBeNY/getUpdates "HTTP/1.1 200 OK"
2026-03-26 11:10:24,335 - httpx - INFO - HTTP Request: POST https://api.telegram.org/bot8787313826:AAH5BcKXf7xJjTpg48VIc0kZCHiDstzBeNY/getUpdates "HTTP/1.1 200 OK"
2026-03-26 11:10:34,542 - httpx - INFO - HTTP Request: POST https://api.telegram.org/bot8787313826:AAH5BcKXf7xJjTpg48VIc0kZCHiDstzBeNY/getUpdates "HTTP/1.1 200 OK"
2026-03-26 11:10:44,746 - httpx - INFO - HTTP Request: POST https://api.telegram.org/bot8787313826:AAH5BcKXf7xJjTpg48VIc0kZCHiDstzBeNY/getUpdates "HTTP/1.1 200 OK"
2026-03-26 11:10:54,952 - httpx - INFO - HTTP Request: POST https://api.telegram.org/bot8787313826:AAH5BcKXf7xJjTpg48VIc0kZCHiDstzBeNY/getUpdates "HTTP/1.1 200 OK"
2026-03-26 11:11:01,012 - strategies.rsi_strategy - INFO - [RSIPro_XRP/USDT] Analisando RSI Pro + SMMA + Bandas de Bollinger + ADX + Volume...
2026-03-26 11:11:01,012 - strategies.ma_cross_strategy - INFO - [MACrossPro_XRP/USDT] A processar MA Cross Pro (EMA 5/13) + SMMA + RSI + ADX + Volume...
2026-03-26 11:11:01,013 - strategies.engulf_ma_strategy - INFO - [PriceActionPro_XRP/USDT] Analisando Price Action Pro + EMA 5 + SMMA 21 + RSI + ADX + Volume...
2026-03-26 11:11:01,013 - strategies.rsi_strategy - INFO - [RSIPro_ETH/USDT] Analisando RSI Pro + SMMA + Bandas de Bollinger + ADX + Volume...
2026-03-26 11:11:01,014 - strategies.ma_cross_strategy - INFO - [MACrossPro_ETH/USDT] A processar MA Cross Pro (EMA 5/13) + SMMA + RSI + ADX + Volume...
2026-03-26 11:11:01,014 - strategies.engulf_ma_strategy - INFO - [PriceActionPro_ETH/USDT] Analisando Price Action Pro + EMA 5 + SMMA 21 + RSI + ADX + Volume...
2026-03-26 11:11:01,015 - strategies.rsi_strategy - INFO - [RSIPro_SOL/USDT] Analisando RSI Pro + SMMA + Bandas de Bollinger + ADX + Volume...
2026-03-26 11:11:01,015 - strategies.ma_cross_strategy - INFO - [MACrossPro_SOL/USDT] A processar MA Cross Pro (EMA 5/13) + SMMA + RSI + ADX + Volume...
2026-03-26 11:11:01,015 - strategies.engulf_ma_strategy - INFO - [PriceActionPro_SOL/USDT] Analisando Price Action Pro + EMA 5 + SMMA 21 + RSI + ADX + Volume...
2026-03-26 11:11:05,157 - httpx - INFO - HTTP Request: POST https://api.telegram.org/bot8787313826:AAH5BcKXf7xJjTpg48VIc0kZCHiDstzBeNY/getUpdates "HTTP/1.1 200 OK"
2026-03-26 11:11:15,359 - httpx - INFO - HTTP Request: POST https://api.telegram.org/bot8787313826:AAH5BcKXf7xJjTpg48VIc0kZCHiDstzBeNY/getUpdates "HTTP/1.1 200 OK"
2026-03-26 11:11:25,564 - httpx - INFO - HTTP Request: POST https://api.telegram.org/bot8787313826:AAH5BcKXf7xJjTpg48VIc0kZCHiDstzBeNY/getUpdates "HTTP/1.1 200 OK"
2026-03-26 11:11:35,808 - httpx - INFO - HTTP Request: POST https://api.telegram.org/bot8787313826:AAH5BcKXf7xJjTpg48VIc0kZCHiDstzBeNY/getUpdates "HTTP/1.1 200 OK"
2026-03-26 11:11:46,013 - httpx - INFO - HTTP Request: POST https://api.telegram.org/bot8787313826:AAH5BcKXf7xJjTpg48VIc0kZCHiDstzBeNY/getUpdates "HTTP/1.1 200 OK"
2026-03-26 11:11:56,215 - httpx - INFO - HTTP Request: POST https://api.telegram.org/bot8787313826:AAH5BcKXf7xJjTpg48VIc0kZCHiDstzBeNY/getUpdates "HTTP/1.1 200 OK"
2026-03-26 11:12:01,008 - strategies.rsi_strategy - INFO - [RSIPro_XRP/USDT] Analisando RSI Pro + SMMA + Bandas de Bollinger + ADX + Volume...
2026-03-26 11:12:01,008 - strategies.ma_cross_strategy - INFO - [MACrossPro_XRP/USDT] A processar MA Cross Pro (EMA 5/13) + SMMA + RSI + ADX + Volume...
2026-03-26 11:12:01,009 - strategies.engulf_ma_strategy - INFO - [PriceActionPro_XRP/USDT] Analisando Price Action Pro + EMA 5 + SMMA 21 + RSI + ADX + Volume...
2026-03-26 11:12:01,010 - strategies.rsi_strategy - INFO - [RSIPro_ETH/USDT] Analisando RSI Pro + SMMA + Bandas de Bollinger + ADX + Volume...
2026-03-26 11:12:01,010 - strategies.ma_cross_strategy - INFO - [MACrossPro_ETH/USDT] A processar MA Cross Pro (EMA 5/13) + SMMA + RSI + ADX + Volume...
2026-03-26 11:12:01,010 - strategies.engulf_ma_strategy - INFO - [PriceActionPro_ETH/USDT] Analisando Price Action Pro + EMA 5 + SMMA 21 + RSI + ADX + Volume...
2026-03-26 11:12:01,011 - strategies.rsi_strategy - INFO - [RSIPro_SOL/USDT] Analisando RSI Pro + SMMA + Bandas de Bollinger + ADX + Volume...
2026-03-26 11:12:01,011 - strategies.ma_cross_strategy - INFO - [MACrossPro_SOL/USDT] A processar MA Cross Pro (EMA 5/13) + SMMA + RSI + ADX + Volume...
2026-03-26 11:12:01,011 - strategies.engulf_ma_strategy - INFO - [PriceActionPro_SOL/USDT] Analisando Price Action Pro + EMA 5 + SMMA 21 + RSI + ADX + Volume...
2026-03-26 11:12:01,607 - strategies.rsi_strategy - INFO - ⚡ [PRO RSI] COMPRA EXTREMA em XRP/USDT! (RSI: 28.4 | BB: OK | Vol: OK)
2026-03-26 11:12:01,686 - strategies.consensus_strategy - INFO - 🤝 CONSENSO APROVADO! | ▫️ Ativo: XRP/USDT | ▫️ Direção: 🈯️ COMPRA | ▫️ Votos a favor: 1 | ▫️ Aprovado por: RSI Pro
2026-03-26 11:12:02,455 - httpx - INFO - HTTP Request: POST https://api.telegram.org/bot8787313826:AAH5BcKXf7xJjTpg48VIc0kZCHiDstzBeNY/sendMessage "HTTP/1.1 200 OK"
2026-03-26 11:12:02,463 - api.broker_api - INFO - ⚡ Disparando ordem de BUY via Estratégia...
2026-03-26 11:12:03,214 - scraper.hiove_scraper - INFO - ⚡ [XRP/USDT] SINAL SINCRONIZADO! Disparando ordem de BUY...
2026-03-26 11:12:03,386 - scraper.hiove_scraper - INFO - ✅ [XRP/USDT] Ordem de COMPRA executada na abertura da vela!
2026-03-26 11:12:03,405 - api.broker_api - INFO - ⏳ [XRP/USDT] O robô dormirá por 62s para sincronizar com a corretora...
2026-03-26 11:12:03,740 - httpx - INFO - HTTP Request: POST https://api.telegram.org/bot8787313826:AAH5BcKXf7xJjTpg48VIc0kZCHiDstzBeNY/sendMessage "HTTP/1.1 200 OK"
2026-03-26 11:12:06,419 - httpx - INFO - HTTP Request: POST https://api.telegram.org/bot8787313826:AAH5BcKXf7xJjTpg48VIc0kZCHiDstzBeNY/getUpdates "HTTP/1.1 200 OK"
2026-03-26 11:12:16,626 - httpx - INFO - HTTP Request: POST https://api.telegram.org/bot8787313826:AAH5BcKXf7xJjTpg48VIc0kZCHiDstzBeNY/getUpdates "HTTP/1.1 200 OK"
2026-03-26 11:12:26,832 - httpx - INFO - HTTP Request: POST https://api.telegram.org/bot8787313826:AAH5BcKXf7xJjTpg48VIc0kZCHiDstzBeNY/getUpdates "HTTP/1.1 200 OK"
2026-03-26 11:12:37,037 - httpx - INFO - HTTP Request: POST https://api.telegram.org/bot8787313826:AAH5BcKXf7xJjTpg48VIc0kZCHiDstzBeNY/getUpdates "HTTP/1.1 200 OK"
2026-03-26 11:12:47,243 - httpx - INFO - HTTP Request: POST https://api.telegram.org/bot8787313826:AAH5BcKXf7xJjTpg48VIc0kZCHiDstzBeNY/getUpdates "HTTP/1.1 200 OK"
2026-03-26 11:12:57,446 - httpx - INFO - HTTP Request: POST https://api.telegram.org/bot8787313826:AAH5BcKXf7xJjTpg48VIc0kZCHiDstzBeNY/getUpdates "HTTP/1.1 200 OK"
2026-03-26 11:13:00,990 - strategies.rsi_strategy - INFO - [RSIPro_SOL/USDT] Analisando RSI Pro + SMMA + Bandas de Bollinger + ADX + Volume...
2026-03-26 11:13:00,991 - strategies.ma_cross_strategy - INFO - [MACrossPro_SOL/USDT] A processar MA Cross Pro (EMA 5/13) + SMMA + RSI + ADX + Volume...
2026-03-26 11:13:00,991 - strategies.engulf_ma_strategy - INFO - [PriceActionPro_SOL/USDT] Analisando Price Action Pro + EMA 5 + SMMA 21 + RSI + ADX + Volume...
2026-03-26 11:13:00,992 - strategies.rsi_strategy - INFO - [RSIPro_ETH/USDT] Analisando RSI Pro + SMMA + Bandas de Bollinger + ADX + Volume...
2026-03-26 11:13:00,992 - strategies.ma_cross_strategy - INFO - [MACrossPro_ETH/USDT] A processar MA Cross Pro (EMA 5/13) + SMMA + RSI + ADX + Volume...
2026-03-26 11:13:00,992 - strategies.engulf_ma_strategy - INFO - [PriceActionPro_ETH/USDT] Analisando Price Action Pro + EMA 5 + SMMA 21 + RSI + ADX + Volume...
2026-03-26 11:13:00,993 - strategies.rsi_strategy - INFO - [RSIPro_XRP/USDT] Analisando RSI Pro + SMMA + Bandas de Bollinger + ADX + Volume...
2026-03-26 11:13:00,993 - strategies.ma_cross_strategy - INFO - [MACrossPro_XRP/USDT] A processar MA Cross Pro (EMA 5/13) + SMMA + RSI + ADX + Volume...
2026-03-26 11:13:00,994 - strategies.engulf_ma_strategy - INFO - [PriceActionPro_XRP/USDT] Analisando Price Action Pro + EMA 5 + SMMA 21 + RSI + ADX + Volume...
2026-03-26 11:13:05,411 - scraper.hiove_scraper - INFO - ⏳ [XRP/USDT] Operação finalizada. Aguardando a corretora processar...
2026-03-26 11:13:07,650 - httpx - INFO - HTTP Request: POST https://api.telegram.org/bot8787313826:AAH5BcKXf7xJjTpg48VIc0kZCHiDstzBeNY/getUpdates "HTTP/1.1 200 OK"
2026-03-26 11:13:08,100 - scraper.hiove_scraper - INFO - ✅ [XRP/USDT] HISTÓRICO CONFIRMADO! -> Ativo: XRP/USDT | Tempo: 11:12 / M1 | Valor: $1.45 | Status: WIN
2026-03-26 11:13:08,707 - core.database - INFO - 💾 Resultado guardado: real_scraper_order_XRP/USDT | WIN | Lucro: $0.44999999999999996
2026-03-26 11:13:08,847 - api.broker_api - INFO - Resultado da Operação! | 🟢 WIN | ▫️ Ativo: XRP/USDT | ▫️ Direção: 🈯️ COMPRA | ▫️ Tempo: 01:00 | ▫️ Payout: N/A | ▫️ Valor Ordem: $1.00 | ▫️ Horário do Sinal: 11:12:03 | ▫️ Horário do Fim: 11:13:08 | ▫️ Resultado: $0.45 |  | 💰 Balanço da Conta: $10420.21 | 📊 Lucro Acumulado: $0.45
2026-03-26 11:13:09,571 - httpx - INFO - HTTP Request: POST https://api.telegram.org/bot8787313826:AAH5BcKXf7xJjTpg48VIc0kZCHiDstzBeNY/sendMessage "HTTP/1.1 200 OK"
2026-03-26 11:13:17,855 - httpx - INFO - HTTP Request: POST https://api.telegram.org/bot8787313826:AAH5BcKXf7xJjTpg48VIc0kZCHiDstzBeNY/getUpdates "HTTP/1.1 200 OK"
2026-03-26 11:13:28,063 - httpx - INFO - HTTP Request: POST https://api.telegram.org/bot8787313826:AAH5BcKXf7xJjTpg48VIc0kZCHiDstzBeNY/getUpdates "HTTP/1.1 200 OK"
2026-03-26 11:13:38,266 - httpx - INFO - HTTP Request: POST https://api.telegram.org/bot8787313826:AAH5BcKXf7xJjTpg48VIc0kZCHiDstzBeNY/getUpdates "HTTP/1.1 200 OK"
2026-03-26 11:13:48,472 - httpx - INFO - HTTP Request: POST https://api.telegram.org/bot8787313826:AAH5BcKXf7xJjTpg48VIc0kZCHiDstzBeNY/getUpdates "HTTP/1.1 200 OK"
2026-03-26 11:13:58,677 - httpx - INFO - HTTP Request: POST https://api.telegram.org/bot8787313826:AAH5BcKXf7xJjTpg48VIc0kZCHiDstzBeNY/getUpdates "HTTP/1.1 200 OK"
2026-03-26 11:14:01,006 - strategies.rsi_strategy - INFO - [RSIPro_SOL/USDT] Analisando RSI Pro + SMMA + Bandas de Bollinger + ADX + Volume...
2026-03-26 11:14:01,007 - strategies.ma_cross_strategy - INFO - [MACrossPro_SOL/USDT] A processar MA Cross Pro (EMA 5/13) + SMMA + RSI + ADX + Volume...
2026-03-26 11:14:01,007 - strategies.engulf_ma_strategy - INFO - [PriceActionPro_SOL/USDT] Analisando Price Action Pro + EMA 5 + SMMA 21 + RSI + ADX + Volume...
2026-03-26 11:14:01,007 - strategies.rsi_strategy - INFO - [RSIPro_XRP/USDT] Analisando RSI Pro + SMMA + Bandas de Bollinger + ADX + Volume...
2026-03-26 11:14:01,008 - strategies.ma_cross_strategy - INFO - [MACrossPro_XRP/USDT] A processar MA Cross Pro (EMA 5/13) + SMMA + RSI + ADX + Volume...
2026-03-26 11:14:01,008 - strategies.engulf_ma_strategy - INFO - [PriceActionPro_XRP/USDT] Analisando Price Action Pro + EMA 5 + SMMA 21 + RSI + ADX + Volume...
2026-03-26 11:14:01,009 - strategies.rsi_strategy - INFO - [RSIPro_ETH/USDT] Analisando RSI Pro + SMMA + Bandas de Bollinger + ADX + Volume...
2026-03-26 11:14:01,009 - strategies.ma_cross_strategy - INFO - [MACrossPro_ETH/USDT] A processar MA Cross Pro (EMA 5/13) + SMMA + RSI + ADX + Volume...
2026-03-26 11:14:01,009 - strategies.engulf_ma_strategy - INFO - [PriceActionPro_ETH/USDT] Analisando Price Action Pro + EMA 5 + SMMA 21 + RSI + ADX + Volume...
2026-03-26 11:14:08,881 - httpx - INFO - HTTP Request: POST https://api.telegram.org/bot8787313826:AAH5BcKXf7xJjTpg48VIc0kZCHiDstzBeNY/getUpdates "HTTP/1.1 200 OK"
2026-03-26 11:14:19,083 - httpx - INFO - HTTP Request: POST https://api.telegram.org/bot8787313826:AAH5BcKXf7xJjTpg48VIc0kZCHiDstzBeNY/getUpdates "HTTP/1.1 200 OK"
2026-03-26 11:14:29,288 - httpx - INFO - HTTP Request: POST https://api.telegram.org/bot8787313826:AAH5BcKXf7xJjTpg48VIc0kZCHiDstzBeNY/getUpdates "HTTP/1.1 200 OK"
2026-03-26 11:14:39,491 - httpx - INFO - HTTP Request: POST https://api.telegram.org/bot8787313826:AAH5BcKXf7xJjTpg48VIc0kZCHiDstzBeNY/getUpdates "HTTP/1.1 200 OK"
2026-03-26 11:14:49,755 - httpx - INFO - HTTP Request: POST https://api.telegram.org/bot8787313826:AAH5BcKXf7xJjTpg48VIc0kZCHiDstzBeNY/getUpdates "HTTP/1.1 200 OK"
2026-03-26 11:14:59,960 - httpx - INFO - HTTP Request: POST https://api.telegram.org/bot8787313826:AAH5BcKXf7xJjTpg48VIc0kZCHiDstzBeNY/getUpdates "HTTP/1.1 200 OK"
2026-03-26 11:15:00,992 - strategies.rsi_strategy - INFO - [RSIPro_XRP/USDT] Analisando RSI Pro + SMMA + Bandas de Bollinger + ADX + Volume...
2026-03-26 11:15:01,005 - strategies.ma_cross_strategy - INFO - [MACrossPro_XRP/USDT] A processar MA Cross Pro (EMA 5/13) + SMMA + RSI + ADX + Volume...
2026-03-26 11:15:01,005 - strategies.engulf_ma_strategy - INFO - [PriceActionPro_XRP/USDT] Analisando Price Action Pro + EMA 5 + SMMA 21 + RSI + ADX + Volume...
2026-03-26 11:15:01,006 - strategies.rsi_strategy - INFO - [RSIPro_ETH/USDT] Analisando RSI Pro + SMMA + Bandas de Bollinger + ADX + Volume...
2026-03-26 11:15:01,006 - strategies.ma_cross_strategy - INFO - [MACrossPro_ETH/USDT] A processar MA Cross Pro (EMA 5/13) + SMMA + RSI + ADX + Volume...
2026-03-26 11:15:01,014 - strategies.engulf_ma_strategy - INFO - [PriceActionPro_ETH/USDT] Analisando Price Action Pro + EMA 5 + SMMA 21 + RSI + ADX + Volume...
2026-03-26 11:15:01,019 - strategies.rsi_strategy - INFO - [RSIPro_SOL/USDT] Analisando RSI Pro + SMMA + Bandas de Bollinger + ADX + Volume...
2026-03-26 11:15:01,023 - strategies.ma_cross_strategy - INFO - [MACrossPro_SOL/USDT] A processar MA Cross Pro (EMA 5/13) + SMMA + RSI + ADX + Volume...
2026-03-26 11:15:01,025 - strategies.engulf_ma_strategy - INFO - [PriceActionPro_SOL/USDT] Analisando Price Action Pro + EMA 5 + SMMA 21 + RSI + ADX + Volume...
2026-03-26 11:15:10,168 - httpx - INFO - HTTP Request: POST https://api.telegram.org/bot8787313826:AAH5BcKXf7xJjTpg48VIc0kZCHiDstzBeNY/getUpdates "HTTP/1.1 200 OK"
2026-03-26 11:15:20,477 - httpx - INFO - HTTP Request: POST https://api.telegram.org/bot8787313826:AAH5BcKXf7xJjTpg48VIc0kZCHiDstzBeNY/getUpdates "HTTP/1.1 200 OK"
2026-03-26 11:15:30,712 - httpx - INFO - HTTP Request: POST https://api.telegram.org/bot8787313826:AAH5BcKXf7xJjTpg48VIc0kZCHiDstzBeNY/getUpdates "HTTP/1.1 200 OK"
2026-03-26 11:15:40,918 - httpx - INFO - HTTP Request: POST https://api.telegram.org/bot8787313826:AAH5BcKXf7xJjTpg48VIc0kZCHiDstzBeNY/getUpdates "HTTP/1.1 200 OK"
2026-03-26 11:15:51,123 - httpx - INFO - HTTP Request: POST https://api.telegram.org/bot8787313826:AAH5BcKXf7xJjTpg48VIc0kZCHiDstzBeNY/getUpdates "HTTP/1.1 200 OK"
2026-03-26 11:16:00,989 - strategies.rsi_strategy - INFO - [RSIPro_SOL/USDT] Analisando RSI Pro + SMMA + Bandas de Bollinger + ADX + Volume...
2026-03-26 11:16:00,989 - strategies.ma_cross_strategy - INFO - [MACrossPro_SOL/USDT] A processar MA Cross Pro (EMA 5/13) + SMMA + RSI + ADX + Volume...
2026-03-26 11:16:00,990 - strategies.engulf_ma_strategy - INFO - [PriceActionPro_SOL/USDT] Analisando Price Action Pro + EMA 5 + SMMA 21 + RSI + ADX + Volume...
2026-03-26 11:16:00,990 - strategies.rsi_strategy - INFO - [RSIPro_ETH/USDT] Analisando RSI Pro + SMMA + Bandas de Bollinger + ADX + Volume...
2026-03-26 11:16:00,991 - strategies.ma_cross_strategy - INFO - [MACrossPro_ETH/USDT] A processar MA Cross Pro (EMA 5/13) + SMMA + RSI + ADX + Volume...
2026-03-26 11:16:00,991 - strategies.engulf_ma_strategy - INFO - [PriceActionPro_ETH/USDT] Analisando Price Action Pro + EMA 5 + SMMA 21 + RSI + ADX + Volume...
2026-03-26 11:16:01,011 - strategies.rsi_strategy - INFO - [RSIPro_XRP/USDT] Analisando RSI Pro + SMMA + Bandas de Bollinger + ADX + Volume...
2026-03-26 11:16:01,011 - strategies.ma_cross_strategy - INFO - [MACrossPro_XRP/USDT] A processar MA Cross Pro (EMA 5/13) + SMMA + RSI + ADX + Volume...
2026-03-26 11:16:01,012 - strategies.engulf_ma_strategy - INFO - [PriceActionPro_XRP/USDT] Analisando Price Action Pro + EMA 5 + SMMA 21 + RSI + ADX + Volume...
2026-03-26 11:16:01,325 - httpx - INFO - HTTP Request: POST https://api.telegram.org/bot8787313826:AAH5BcKXf7xJjTpg48VIc0kZCHiDstzBeNY/getUpdates "HTTP/1.1 200 OK"
2026-03-26 11:16:11,529 - httpx - INFO - HTTP Request: POST https://api.telegram.org/bot8787313826:AAH5BcKXf7xJjTpg48VIc0kZCHiDstzBeNY/getUpdates "HTTP/1.1 200 OK"
2026-03-26 11:16:21,733 - httpx - INFO - HTTP Request: POST https://api.telegram.org/bot8787313826:AAH5BcKXf7xJjTpg48VIc0kZCHiDstzBeNY/getUpdates "HTTP/1.1 200 OK"
2026-03-26 11:16:31,938 - httpx - INFO - HTTP Request: POST https://api.telegram.org/bot8787313826:AAH5BcKXf7xJjTpg48VIc0kZCHiDstzBeNY/getUpdates "HTTP/1.1 200 OK"
2026-03-26 11:16:42,140 - httpx - INFO - HTTP Request: POST https://api.telegram.org/bot8787313826:AAH5BcKXf7xJjTpg48VIc0kZCHiDstzBeNY/getUpdates "HTTP/1.1 200 OK"
2026-03-26 11:16:52,344 - httpx - INFO - HTTP Request: POST https://api.telegram.org/bot8787313826:AAH5BcKXf7xJjTpg48VIc0kZCHiDstzBeNY/getUpdates "HTTP/1.1 200 OK"
2026-03-26 11:17:01,006 - strategies.rsi_strategy - INFO - [RSIPro_SOL/USDT] Analisando RSI Pro + SMMA + Bandas de Bollinger + ADX + Volume...
2026-03-26 11:17:01,006 - strategies.ma_cross_strategy - INFO - [MACrossPro_SOL/USDT] A processar MA Cross Pro (EMA 5/13) + SMMA + RSI + ADX + Volume...
2026-03-26 11:17:01,008 - strategies.engulf_ma_strategy - INFO - [PriceActionPro_SOL/USDT] Analisando Price Action Pro + EMA 5 + SMMA 21 + RSI + ADX + Volume...
2026-03-26 11:17:01,008 - strategies.rsi_strategy - INFO - [RSIPro_ETH/USDT] Analisando RSI Pro + SMMA + Bandas de Bollinger + ADX + Volume...
2026-03-26 11:17:01,008 - strategies.ma_cross_strategy - INFO - [MACrossPro_ETH/USDT] A processar MA Cross Pro (EMA 5/13) + SMMA + RSI + ADX + Volume...
2026-03-26 11:17:01,009 - strategies.engulf_ma_strategy - INFO - [PriceActionPro_ETH/USDT] Analisando Price Action Pro + EMA 5 + SMMA 21 + RSI + ADX + Volume...
2026-03-26 11:17:01,009 - strategies.rsi_strategy - INFO - [RSIPro_XRP/USDT] Analisando RSI Pro + SMMA + Bandas de Bollinger + ADX + Volume...
2026-03-26 11:17:01,009 - strategies.ma_cross_strategy - INFO - [MACrossPro_XRP/USDT] A processar MA Cross Pro (EMA 5/13) + SMMA + RSI + ADX + Volume...
2026-03-26 11:17:01,010 - strategies.engulf_ma_strategy - INFO - [PriceActionPro_XRP/USDT] Analisando Price Action Pro + EMA 5 + SMMA 21 + RSI + ADX + Volume...
2026-03-26 11:17:02,550 - httpx - INFO - HTTP Request: POST https://api.telegram.org/bot8787313826:AAH5BcKXf7xJjTpg48VIc0kZCHiDstzBeNY/getUpdates "HTTP/1.1 200 OK"
2026-03-26 11:17:12,758 - httpx - INFO - HTTP Request: POST https://api.telegram.org/bot8787313826:AAH5BcKXf7xJjTpg48VIc0kZCHiDstzBeNY/getUpdates "HTTP/1.1 200 OK"
2026-03-26 11:17:22,965 - httpx - INFO - HTTP Request: POST https://api.telegram.org/bot8787313826:AAH5BcKXf7xJjTpg48VIc0kZCHiDstzBeNY/getUpdates "HTTP/1.1 200 OK"
2026-03-26 11:17:33,168 - httpx - INFO - HTTP Request: POST https://api.telegram.org/bot8787313826:AAH5BcKXf7xJjTpg48VIc0kZCHiDstzBeNY/getUpdates "HTTP/1.1 200 OK"
2026-03-26 11:17:43,371 - httpx - INFO - HTTP Request: POST https://api.telegram.org/bot8787313826:AAH5BcKXf7xJjTpg48VIc0kZCHiDstzBeNY/getUpdates "HTTP/1.1 200 OK"
2026-03-26 11:17:53,574 - httpx - INFO - HTTP Request: POST https://api.telegram.org/bot8787313826:AAH5BcKXf7xJjTpg48VIc0kZCHiDstzBeNY/getUpdates "HTTP/1.1 200 OK"
2026-03-26 11:18:01,002 - strategies.rsi_strategy - INFO - [RSIPro_XRP/USDT] Analisando RSI Pro + SMMA + Bandas de Bollinger + ADX + Volume...
2026-03-26 11:18:01,002 - strategies.ma_cross_strategy - INFO - [MACrossPro_XRP/USDT] A processar MA Cross Pro (EMA 5/13) + SMMA + RSI + ADX + Volume...
2026-03-26 11:18:01,004 - strategies.engulf_ma_strategy - INFO - [PriceActionPro_XRP/USDT] Analisando Price Action Pro + EMA 5 + SMMA 21 + RSI + ADX + Volume...
2026-03-26 11:18:01,004 - strategies.rsi_strategy - INFO - [RSIPro_ETH/USDT] Analisando RSI Pro + SMMA + Bandas de Bollinger + ADX + Volume...
2026-03-26 11:18:01,005 - strategies.ma_cross_strategy - INFO - [MACrossPro_ETH/USDT] A processar MA Cross Pro (EMA 5/13) + SMMA + RSI + ADX + Volume...
2026-03-26 11:18:01,005 - strategies.engulf_ma_strategy - INFO - [PriceActionPro_ETH/USDT] Analisando Price Action Pro + EMA 5 + SMMA 21 + RSI + ADX + Volume...
2026-03-26 11:18:01,005 - strategies.rsi_strategy - INFO - [RSIPro_SOL/USDT] Analisando RSI Pro + SMMA + Bandas de Bollinger + ADX + Volume...
2026-03-26 11:18:01,005 - strategies.ma_cross_strategy - INFO - [MACrossPro_SOL/USDT] A processar MA Cross Pro (EMA 5/13) + SMMA + RSI + ADX + Volume...
2026-03-26 11:18:01,006 - strategies.engulf_ma_strategy - INFO - [PriceActionPro_SOL/USDT] Analisando Price Action Pro + EMA 5 + SMMA 21 + RSI + ADX + Volume...
2026-03-26 11:18:03,822 - httpx - INFO - HTTP Request: POST https://api.telegram.org/bot8787313826:AAH5BcKXf7xJjTpg48VIc0kZCHiDstzBeNY/getUpdates "HTTP/1.1 200 OK"
2026-03-26 11:18:14,026 - httpx - INFO - HTTP Request: POST https://api.telegram.org/bot8787313826:AAH5BcKXf7xJjTpg48VIc0kZCHiDstzBeNY/getUpdates "HTTP/1.1 200 OK"
2026-03-26 11:18:24,231 - httpx - INFO - HTTP Request: POST https://api.telegram.org/bot8787313826:AAH5BcKXf7xJjTpg48VIc0kZCHiDstzBeNY/getUpdates "HTTP/1.1 200 OK"
2026-03-26 11:18:34,434 - httpx - INFO - HTTP Request: POST https://api.telegram.org/bot8787313826:AAH5BcKXf7xJjTpg48VIc0kZCHiDstzBeNY/getUpdates "HTTP/1.1 200 OK"
2026-03-26 11:18:45,087 - httpx - INFO - HTTP Request: POST https://api.telegram.org/bot8787313826:AAH5BcKXf7xJjTpg48VIc0kZCHiDstzBeNY/getUpdates "HTTP/1.1 200 OK"
2026-03-26 11:18:55,291 - httpx - INFO - HTTP Request: POST https://api.telegram.org/bot8787313826:AAH5BcKXf7xJjTpg48VIc0kZCHiDstzBeNY/getUpdates "HTTP/1.1 200 OK"
2026-03-26 11:19:01,000 - strategies.rsi_strategy - INFO - [RSIPro_ETH/USDT] Analisando RSI Pro + SMMA + Bandas de Bollinger + ADX + Volume...
2026-03-26 11:19:01,000 - strategies.ma_cross_strategy - INFO - [MACrossPro_ETH/USDT] A processar MA Cross Pro (EMA 5/13) + SMMA + RSI + ADX + Volume...
2026-03-26 11:19:01,001 - strategies.engulf_ma_strategy - INFO - [PriceActionPro_ETH/USDT] Analisando Price Action Pro + EMA 5 + SMMA 21 + RSI + ADX + Volume...
2026-03-26 11:19:01,001 - strategies.rsi_strategy - INFO - [RSIPro_XRP/USDT] Analisando RSI Pro + SMMA + Bandas de Bollinger + ADX + Volume...
2026-03-26 11:19:01,001 - strategies.ma_cross_strategy - INFO - [MACrossPro_XRP/USDT] A processar MA Cross Pro (EMA 5/13) + SMMA + RSI + ADX + Volume...
2026-03-26 11:19:01,002 - strategies.engulf_ma_strategy - INFO - [PriceActionPro_XRP/USDT] Analisando Price Action Pro + EMA 5 + SMMA 21 + RSI + ADX + Volume...
2026-03-26 11:19:01,002 - strategies.rsi_strategy - INFO - [RSIPro_SOL/USDT] Analisando RSI Pro + SMMA + Bandas de Bollinger + ADX + Volume...
2026-03-26 11:19:01,003 - strategies.ma_cross_strategy - INFO - [MACrossPro_SOL/USDT] A processar MA Cross Pro (EMA 5/13) + SMMA + RSI + ADX + Volume...
2026-03-26 11:19:01,006 - strategies.engulf_ma_strategy - INFO - [PriceActionPro_SOL/USDT] Analisando Price Action Pro + EMA 5 + SMMA 21 + RSI + ADX + Volume...
2026-03-26 11:19:05,495 - httpx - INFO - HTTP Request: POST https://api.telegram.org/bot8787313826:AAH5BcKXf7xJjTpg48VIc0kZCHiDstzBeNY/getUpdates "HTTP/1.1 200 OK"
2026-03-26 11:19:15,708 - httpx - INFO - HTTP Request: POST https://api.telegram.org/bot8787313826:AAH5BcKXf7xJjTpg48VIc0kZCHiDstzBeNY/getUpdates "HTTP/1.1 200 OK"
2026-03-26 11:19:25,916 - httpx - INFO - HTTP Request: POST https://api.telegram.org/bot8787313826:AAH5BcKXf7xJjTpg48VIc0kZCHiDstzBeNY/getUpdates "HTTP/1.1 200 OK"
2026-03-26 11:19:36,131 - httpx - INFO - HTTP Request: POST https://api.telegram.org/bot8787313826:AAH5BcKXf7xJjTpg48VIc0kZCHiDstzBeNY/getUpdates "HTTP/1.1 200 OK"
2026-03-26 11:19:46,335 - httpx - INFO - HTTP Request: POST https://api.telegram.org/bot8787313826:AAH5BcKXf7xJjTpg48VIc0kZCHiDstzBeNY/getUpdates "HTTP/1.1 200 OK"
2026-03-26 11:19:56,571 - httpx - INFO - HTTP Request: POST https://api.telegram.org/bot8787313826:AAH5BcKXf7xJjTpg48VIc0kZCHiDstzBeNY/getUpdates "HTTP/1.1 200 OK"
2026-03-26 11:20:01,001 - strategies.rsi_strategy - INFO - [RSIPro_SOL/USDT] Analisando RSI Pro + SMMA + Bandas de Bollinger + ADX + Volume...
2026-03-26 11:20:01,002 - strategies.ma_cross_strategy - INFO - [MACrossPro_SOL/USDT] A processar MA Cross Pro (EMA 5/13) + SMMA + RSI + ADX + Volume...
2026-03-26 11:20:01,003 - strategies.engulf_ma_strategy - INFO - [PriceActionPro_SOL/USDT] Analisando Price Action Pro + EMA 5 + SMMA 21 + RSI + ADX + Volume...
2026-03-26 11:20:01,003 - strategies.rsi_strategy - INFO - [RSIPro_XRP/USDT] Analisando RSI Pro + SMMA + Bandas de Bollinger + ADX + Volume...
2026-03-26 11:20:01,004 - strategies.ma_cross_strategy - INFO - [MACrossPro_XRP/USDT] A processar MA Cross Pro (EMA 5/13) + SMMA + RSI + ADX + Volume...
2026-03-26 11:20:01,004 - strategies.engulf_ma_strategy - INFO - [PriceActionPro_XRP/USDT] Analisando Price Action Pro + EMA 5 + SMMA 21 + RSI + ADX + Volume...
2026-03-26 11:20:01,005 - strategies.rsi_strategy - INFO - [RSIPro_ETH/USDT] Analisando RSI Pro + SMMA + Bandas de Bollinger + ADX + Volume...
2026-03-26 11:20:01,005 - strategies.ma_cross_strategy - INFO - [MACrossPro_ETH/USDT] A processar MA Cross Pro (EMA 5/13) + SMMA + RSI + ADX + Volume...
2026-03-26 11:20:01,005 - strategies.engulf_ma_strategy - INFO - [PriceActionPro_ETH/USDT] Analisando Price Action Pro + EMA 5 + SMMA 21 + RSI + ADX + Volume...
2026-03-26 11:20:06,777 - httpx - INFO - HTTP Request: POST https://api.telegram.org/bot8787313826:AAH5BcKXf7xJjTpg48VIc0kZCHiDstzBeNY/getUpdates "HTTP/1.1 200 OK"
2026-03-26 11:20:16,981 - httpx - INFO - HTTP Request: POST https://api.telegram.org/bot8787313826:AAH5BcKXf7xJjTpg48VIc0kZCHiDstzBeNY/getUpdates "HTTP/1.1 200 OK"
2026-03-26 11:20:27,186 - httpx - INFO - HTTP Request: POST https://api.telegram.org/bot8787313826:AAH5BcKXf7xJjTpg48VIc0kZCHiDstzBeNY/getUpdates "HTTP/1.1 200 OK"
2026-03-26 11:20:37,392 - httpx - INFO - HTTP Request: POST https://api.telegram.org/bot8787313826:AAH5BcKXf7xJjTpg48VIc0kZCHiDstzBeNY/getUpdates "HTTP/1.1 200 OK"
2026-03-26 11:20:47,599 - httpx - INFO - HTTP Request: POST https://api.telegram.org/bot8787313826:AAH5BcKXf7xJjTpg48VIc0kZCHiDstzBeNY/getUpdates "HTTP/1.1 200 OK"
2026-03-26 11:20:57,830 - httpx - INFO - HTTP Request: POST https://api.telegram.org/bot8787313826:AAH5BcKXf7xJjTpg48VIc0kZCHiDstzBeNY/getUpdates "HTTP/1.1 200 OK"
2026-03-26 11:21:00,998 - strategies.rsi_strategy - INFO - [RSIPro_ETH/USDT] Analisando RSI Pro + SMMA + Bandas de Bollinger + ADX + Volume...
2026-03-26 11:21:01,017 - strategies.ma_cross_strategy - INFO - [MACrossPro_ETH/USDT] A processar MA Cross Pro (EMA 5/13) + SMMA + RSI + ADX + Volume...
2026-03-26 11:21:01,023 - strategies.engulf_ma_strategy - INFO - [PriceActionPro_ETH/USDT] Analisando Price Action Pro + EMA 5 + SMMA 21 + RSI + ADX + Volume...
2026-03-26 11:21:01,024 - strategies.rsi_strategy - INFO - [RSIPro_SOL/USDT] Analisando RSI Pro + SMMA + Bandas de Bollinger + ADX + Volume...
2026-03-26 11:21:01,024 - strategies.ma_cross_strategy - INFO - [MACrossPro_SOL/USDT] A processar MA Cross Pro (EMA 5/13) + SMMA + RSI + ADX + Volume...
2026-03-26 11:21:01,068 - strategies.engulf_ma_strategy - INFO - [PriceActionPro_SOL/USDT] Analisando Price Action Pro + EMA 5 + SMMA 21 + RSI + ADX + Volume...
2026-03-26 11:21:01,101 - strategies.rsi_strategy - INFO - [RSIPro_XRP/USDT] Analisando RSI Pro + SMMA + Bandas de Bollinger + ADX + Volume...
2026-03-26 11:21:01,115 - strategies.ma_cross_strategy - INFO - [MACrossPro_XRP/USDT] A processar MA Cross Pro (EMA 5/13) + SMMA + RSI + ADX + Volume...
2026-03-26 11:21:01,156 - strategies.engulf_ma_strategy - INFO - [PriceActionPro_XRP/USDT] Analisando Price Action Pro + EMA 5 + SMMA 21 + RSI + ADX + Volume...
2026-03-26 11:21:08,037 - httpx - INFO - HTTP Request: POST https://api.telegram.org/bot8787313826:AAH5BcKXf7xJjTpg48VIc0kZCHiDstzBeNY/getUpdates "HTTP/1.1 200 OK"
2026-03-26 11:21:18,243 - httpx - INFO - HTTP Request: POST https://api.telegram.org/bot8787313826:AAH5BcKXf7xJjTpg48VIc0kZCHiDstzBeNY/getUpdates "HTTP/1.1 200 OK"
2026-03-26 11:21:28,448 - httpx - INFO - HTTP Request: POST https://api.telegram.org/bot8787313826:AAH5BcKXf7xJjTpg48VIc0kZCHiDstzBeNY/getUpdates "HTTP/1.1 200 OK"
2026-03-26 11:21:38,654 - httpx - INFO - HTTP Request: POST https://api.telegram.org/bot8787313826:AAH5BcKXf7xJjTpg48VIc0kZCHiDstzBeNY/getUpdates "HTTP/1.1 200 OK"
2026-03-26 11:21:48,886 - httpx - INFO - HTTP Request: POST https://api.telegram.org/bot8787313826:AAH5BcKXf7xJjTpg48VIc0kZCHiDstzBeNY/getUpdates "HTTP/1.1 200 OK"
2026-03-26 11:21:59,100 - httpx - INFO - HTTP Request: POST https://api.telegram.org/bot8787313826:AAH5BcKXf7xJjTpg48VIc0kZCHiDstzBeNY/getUpdates "HTTP/1.1 200 OK"
2026-03-26 11:22:01,013 - strategies.rsi_strategy - INFO - [RSIPro_SOL/USDT] Analisando RSI Pro + SMMA + Bandas de Bollinger + ADX + Volume...
2026-03-26 11:22:01,014 - strategies.ma_cross_strategy - INFO - [MACrossPro_SOL/USDT] A processar MA Cross Pro (EMA 5/13) + SMMA + RSI + ADX + Volume...
2026-03-26 11:22:01,015 - strategies.engulf_ma_strategy - INFO - [PriceActionPro_SOL/USDT] Analisando Price Action Pro + EMA 5 + SMMA 21 + RSI + ADX + Volume...
2026-03-26 11:22:01,015 - strategies.rsi_strategy - INFO - [RSIPro_XRP/USDT] Analisando RSI Pro + SMMA + Bandas de Bollinger + ADX + Volume...
2026-03-26 11:22:01,016 - strategies.ma_cross_strategy - INFO - [MACrossPro_XRP/USDT] A processar MA Cross Pro (EMA 5/13) + SMMA + RSI + ADX + Volume...
2026-03-26 11:22:01,017 - strategies.engulf_ma_strategy - INFO - [PriceActionPro_XRP/USDT] Analisando Price Action Pro + EMA 5 + SMMA 21 + RSI + ADX + Volume...
2026-03-26 11:22:01,017 - strategies.rsi_strategy - INFO - [RSIPro_ETH/USDT] Analisando RSI Pro + SMMA + Bandas de Bollinger + ADX + Volume...
2026-03-26 11:22:01,017 - strategies.ma_cross_strategy - INFO - [MACrossPro_ETH/USDT] A processar MA Cross Pro (EMA 5/13) + SMMA + RSI + ADX + Volume...
2026-03-26 11:22:01,018 - strategies.engulf_ma_strategy - INFO - [PriceActionPro_ETH/USDT] Analisando Price Action Pro + EMA 5 + SMMA 21 + RSI + ADX + Volume...
2026-03-26 11:22:09,305 - httpx - INFO - HTTP Request: POST https://api.telegram.org/bot8787313826:AAH5BcKXf7xJjTpg48VIc0kZCHiDstzBeNY/getUpdates "HTTP/1.1 200 OK"
2026-03-26 11:22:19,512 - httpx - INFO - HTTP Request: POST https://api.telegram.org/bot8787313826:AAH5BcKXf7xJjTpg48VIc0kZCHiDstzBeNY/getUpdates "HTTP/1.1 200 OK"
2026-03-26 11:22:29,737 - httpx - INFO - HTTP Request: POST https://api.telegram.org/bot8787313826:AAH5BcKXf7xJjTpg48VIc0kZCHiDstzBeNY/getUpdates "HTTP/1.1 200 OK"
2026-03-26 11:22:39,943 - httpx - INFO - HTTP Request: POST https://api.telegram.org/bot8787313826:AAH5BcKXf7xJjTpg48VIc0kZCHiDstzBeNY/getUpdates "HTTP/1.1 200 OK"
2026-03-26 11:22:50,147 - httpx - INFO - HTTP Request: POST https://api.telegram.org/bot8787313826:AAH5BcKXf7xJjTpg48VIc0kZCHiDstzBeNY/getUpdates "HTTP/1.1 200 OK"
2026-03-26 11:23:00,355 - httpx - INFO - HTTP Request: POST https://api.telegram.org/bot8787313826:AAH5BcKXf7xJjTpg48VIc0kZCHiDstzBeNY/getUpdates "HTTP/1.1 200 OK"
2026-03-26 11:23:00,989 - strategies.rsi_strategy - INFO - [RSIPro_XRP/USDT] Analisando RSI Pro + SMMA + Bandas de Bollinger + ADX + Volume...
2026-03-26 11:23:00,989 - strategies.ma_cross_strategy - INFO - [MACrossPro_XRP/USDT] A processar MA Cross Pro (EMA 5/13) + SMMA + RSI + ADX + Volume...
2026-03-26 11:23:00,990 - strategies.engulf_ma_strategy - INFO - [PriceActionPro_XRP/USDT] Analisando Price Action Pro + EMA 5 + SMMA 21 + RSI + ADX + Volume...
2026-03-26 11:23:00,991 - strategies.rsi_strategy - INFO - [RSIPro_SOL/USDT] Analisando RSI Pro + SMMA + Bandas de Bollinger + ADX + Volume...
2026-03-26 11:23:00,992 - strategies.ma_cross_strategy - INFO - [MACrossPro_SOL/USDT] A processar MA Cross Pro (EMA 5/13) + SMMA + RSI + ADX + Volume...
2026-03-26 11:23:00,992 - strategies.engulf_ma_strategy - INFO - [PriceActionPro_SOL/USDT] Analisando Price Action Pro + EMA 5 + SMMA 21 + RSI + ADX + Volume...
2026-03-26 11:23:00,993 - strategies.rsi_strategy - INFO - [RSIPro_ETH/USDT] Analisando RSI Pro + SMMA + Bandas de Bollinger + ADX + Volume...
2026-03-26 11:23:00,994 - strategies.ma_cross_strategy - INFO - [MACrossPro_ETH/USDT] A processar MA Cross Pro (EMA 5/13) + SMMA + RSI + ADX + Volume...
2026-03-26 11:23:00,994 - strategies.engulf_ma_strategy - INFO - [PriceActionPro_ETH/USDT] Analisando Price Action Pro + EMA 5 + SMMA 21 + RSI + ADX + Volume...
2026-03-26 11:23:10,563 - httpx - INFO - HTTP Request: POST https://api.telegram.org/bot8787313826:AAH5BcKXf7xJjTpg48VIc0kZCHiDstzBeNY/getUpdates "HTTP/1.1 200 OK"
2026-03-26 11:23:20,771 - httpx - INFO - HTTP Request: POST https://api.telegram.org/bot8787313826:AAH5BcKXf7xJjTpg48VIc0kZCHiDstzBeNY/getUpdates "HTTP/1.1 200 OK"
2026-03-26 11:23:30,991 - httpx - INFO - HTTP Request: POST https://api.telegram.org/bot8787313826:AAH5BcKXf7xJjTpg48VIc0kZCHiDstzBeNY/getUpdates "HTTP/1.1 200 OK"
2026-03-26 11:23:41,195 - httpx - INFO - HTTP Request: POST https://api.telegram.org/bot8787313826:AAH5BcKXf7xJjTpg48VIc0kZCHiDstzBeNY/getUpdates "HTTP/1.1 200 OK"
2026-03-26 11:23:51,400 - httpx - INFO - HTTP Request: POST https://api.telegram.org/bot8787313826:AAH5BcKXf7xJjTpg48VIc0kZCHiDstzBeNY/getUpdates "HTTP/1.1 200 OK"
2026-03-26 11:24:01,002 - strategies.rsi_strategy - INFO - [RSIPro_ETH/USDT] Analisando RSI Pro + SMMA + Bandas de Bollinger + ADX + Volume...
2026-03-26 11:24:01,002 - strategies.ma_cross_strategy - INFO - [MACrossPro_ETH/USDT] A processar MA Cross Pro (EMA 5/13) + SMMA + RSI + ADX + Volume...
2026-03-26 11:24:01,003 - strategies.engulf_ma_strategy - INFO - [PriceActionPro_ETH/USDT] Analisando Price Action Pro + EMA 5 + SMMA 21 + RSI + ADX + Volume...
2026-03-26 11:24:01,003 - strategies.rsi_strategy - INFO - [RSIPro_XRP/USDT] Analisando RSI Pro + SMMA + Bandas de Bollinger + ADX + Volume...
2026-03-26 11:24:01,004 - strategies.ma_cross_strategy - INFO - [MACrossPro_XRP/USDT] A processar MA Cross Pro (EMA 5/13) + SMMA + RSI + ADX + Volume...
2026-03-26 11:24:01,005 - strategies.engulf_ma_strategy - INFO - [PriceActionPro_XRP/USDT] Analisando Price Action Pro + EMA 5 + SMMA 21 + RSI + ADX + Volume...
2026-03-26 11:24:01,005 - strategies.rsi_strategy - INFO - [RSIPro_SOL/USDT] Analisando RSI Pro + SMMA + Bandas de Bollinger + ADX + Volume...
2026-03-26 11:24:01,005 - strategies.ma_cross_strategy - INFO - [MACrossPro_SOL/USDT] A processar MA Cross Pro (EMA 5/13) + SMMA + RSI + ADX + Volume...
2026-03-26 11:24:01,006 - strategies.engulf_ma_strategy - INFO - [PriceActionPro_SOL/USDT] Analisando Price Action Pro + EMA 5 + SMMA 21 + RSI + ADX + Volume...
2026-03-26 11:24:01,744 - httpx - INFO - HTTP Request: POST https://api.telegram.org/bot8787313826:AAH5BcKXf7xJjTpg48VIc0kZCHiDstzBeNY/getUpdates "HTTP/1.1 200 OK"
2026-03-26 11:24:11,956 - httpx - INFO - HTTP Request: POST https://api.telegram.org/bot8787313826:AAH5BcKXf7xJjTpg48VIc0kZCHiDstzBeNY/getUpdates "HTTP/1.1 200 OK"
2026-03-26 11:24:22,160 - httpx - INFO - HTTP Request: POST https://api.telegram.org/bot8787313826:AAH5BcKXf7xJjTpg48VIc0kZCHiDstzBeNY/getUpdates "HTTP/1.1 200 OK"
2026-03-26 11:24:32,364 - httpx - INFO - HTTP Request: POST https://api.telegram.org/bot8787313826:AAH5BcKXf7xJjTpg48VIc0kZCHiDstzBeNY/getUpdates "HTTP/1.1 200 OK"
2026-03-26 11:24:42,575 - httpx - INFO - HTTP Request: POST https://api.telegram.org/bot8787313826:AAH5BcKXf7xJjTpg48VIc0kZCHiDstzBeNY/getUpdates "HTTP/1.1 200 OK"
2026-03-26 11:24:52,784 - httpx - INFO - HTTP Request: POST https://api.telegram.org/bot8787313826:AAH5BcKXf7xJjTpg48VIc0kZCHiDstzBeNY/getUpdates "HTTP/1.1 200 OK"
2026-03-26 11:25:00,997 - strategies.rsi_strategy - INFO - [RSIPro_ETH/USDT] Analisando RSI Pro + SMMA + Bandas de Bollinger + ADX + Volume...
2026-03-26 11:25:00,998 - strategies.ma_cross_strategy - INFO - [MACrossPro_ETH/USDT] A processar MA Cross Pro (EMA 5/13) + SMMA + RSI + ADX + Volume...
2026-03-26 11:25:01,001 - strategies.engulf_ma_strategy - INFO - [PriceActionPro_ETH/USDT] Analisando Price Action Pro + EMA 5 + SMMA 21 + RSI + ADX + Volume...
2026-03-26 11:25:01,001 - strategies.rsi_strategy - INFO - [RSIPro_XRP/USDT] Analisando RSI Pro + SMMA + Bandas de Bollinger + ADX + Volume...
2026-03-26 11:25:01,002 - strategies.ma_cross_strategy - INFO - [MACrossPro_XRP/USDT] A processar MA Cross Pro (EMA 5/13) + SMMA + RSI + ADX + Volume...
2026-03-26 11:25:01,002 - strategies.engulf_ma_strategy - INFO - [PriceActionPro_XRP/USDT] Analisando Price Action Pro + EMA 5 + SMMA 21 + RSI + ADX + Volume...
2026-03-26 11:25:01,002 - strategies.rsi_strategy - INFO - [RSIPro_SOL/USDT] Analisando RSI Pro + SMMA + Bandas de Bollinger + ADX + Volume...
2026-03-26 11:25:01,003 - strategies.ma_cross_strategy - INFO - [MACrossPro_SOL/USDT] A processar MA Cross Pro (EMA 5/13) + SMMA + RSI + ADX + Volume...
2026-03-26 11:25:01,003 - strategies.engulf_ma_strategy - INFO - [PriceActionPro_SOL/USDT] Analisando Price Action Pro + EMA 5 + SMMA 21 + RSI + ADX + Volume...
2026-03-26 11:25:02,988 - httpx - INFO - HTTP Request: POST https://api.telegram.org/bot8787313826:AAH5BcKXf7xJjTpg48VIc0kZCHiDstzBeNY/getUpdates "HTTP/1.1 200 OK"
2026-03-26 11:25:13,192 - httpx - INFO - HTTP Request: POST https://api.telegram.org/bot8787313826:AAH5BcKXf7xJjTpg48VIc0kZCHiDstzBeNY/getUpdates "HTTP/1.1 200 OK"
2026-03-26 11:25:23,397 - httpx - INFO - HTTP Request: POST https://api.telegram.org/bot8787313826:AAH5BcKXf7xJjTpg48VIc0kZCHiDstzBeNY/getUpdates "HTTP/1.1 200 OK"
2026-03-26 11:25:33,606 - httpx - INFO - HTTP Request: POST https://api.telegram.org/bot8787313826:AAH5BcKXf7xJjTpg48VIc0kZCHiDstzBeNY/getUpdates "HTTP/1.1 200 OK"
2026-03-26 11:25:43,817 - httpx - INFO - HTTP Request: POST https://api.telegram.org/bot8787313826:AAH5BcKXf7xJjTpg48VIc0kZCHiDstzBeNY/getUpdates "HTTP/1.1 200 OK"
2026-03-26 11:25:54,024 - httpx - INFO - HTTP Request: POST https://api.telegram.org/bot8787313826:AAH5BcKXf7xJjTpg48VIc0kZCHiDstzBeNY/getUpdates "HTTP/1.1 200 OK"
2026-03-26 11:26:00,998 - strategies.rsi_strategy - INFO - [RSIPro_XRP/USDT] Analisando RSI Pro + SMMA + Bandas de Bollinger + ADX + Volume...
2026-03-26 11:26:01,003 - strategies.ma_cross_strategy - INFO - [MACrossPro_XRP/USDT] A processar MA Cross Pro (EMA 5/13) + SMMA + RSI + ADX + Volume...
2026-03-26 11:26:01,006 - strategies.engulf_ma_strategy - INFO - [PriceActionPro_XRP/USDT] Analisando Price Action Pro + EMA 5 + SMMA 21 + RSI + ADX + Volume...
2026-03-26 11:26:01,007 - strategies.rsi_strategy - INFO - [RSIPro_SOL/USDT] Analisando RSI Pro + SMMA + Bandas de Bollinger + ADX + Volume...
2026-03-26 11:26:01,008 - strategies.ma_cross_strategy - INFO - [MACrossPro_SOL/USDT] A processar MA Cross Pro (EMA 5/13) + SMMA + RSI + ADX + Volume...
2026-03-26 11:26:01,008 - strategies.engulf_ma_strategy - INFO - [PriceActionPro_SOL/USDT] Analisando Price Action Pro + EMA 5 + SMMA 21 + RSI + ADX + Volume...
2026-03-26 11:26:01,008 - strategies.rsi_strategy - INFO - [RSIPro_ETH/USDT] Analisando RSI Pro + SMMA + Bandas de Bollinger + ADX + Volume...
2026-03-26 11:26:01,008 - strategies.ma_cross_strategy - INFO - [MACrossPro_ETH/USDT] A processar MA Cross Pro (EMA 5/13) + SMMA + RSI + ADX + Volume...
2026-03-26 11:26:01,009 - strategies.engulf_ma_strategy - INFO - [PriceActionPro_ETH/USDT] Analisando Price Action Pro + EMA 5 + SMMA 21 + RSI + ADX + Volume...
2026-03-26 11:26:04,229 - httpx - INFO - HTTP Request: POST https://api.telegram.org/bot8787313826:AAH5BcKXf7xJjTpg48VIc0kZCHiDstzBeNY/getUpdates "HTTP/1.1 200 OK"
2026-03-26 11:26:14,434 - httpx - INFO - HTTP Request: POST https://api.telegram.org/bot8787313826:AAH5BcKXf7xJjTpg48VIc0kZCHiDstzBeNY/getUpdates "HTTP/1.1 200 OK"
2026-03-26 11:26:24,637 - httpx - INFO - HTTP Request: POST https://api.telegram.org/bot8787313826:AAH5BcKXf7xJjTpg48VIc0kZCHiDstzBeNY/getUpdates "HTTP/1.1 200 OK"
2026-03-26 11:26:34,844 - httpx - INFO - HTTP Request: POST https://api.telegram.org/bot8787313826:AAH5BcKXf7xJjTpg48VIc0kZCHiDstzBeNY/getUpdates "HTTP/1.1 200 OK"
2026-03-26 11:26:45,051 - httpx - INFO - HTTP Request: POST https://api.telegram.org/bot8787313826:AAH5BcKXf7xJjTpg48VIc0kZCHiDstzBeNY/getUpdates "HTTP/1.1 200 OK"
2026-03-26 11:26:55,256 - httpx - INFO - HTTP Request: POST https://api.telegram.org/bot8787313826:AAH5BcKXf7xJjTpg48VIc0kZCHiDstzBeNY/getUpdates "HTTP/1.1 200 OK"
2026-03-26 11:27:00,999 - strategies.rsi_strategy - INFO - [RSIPro_SOL/USDT] Analisando RSI Pro + SMMA + Bandas de Bollinger + ADX + Volume...
2026-03-26 11:27:00,999 - strategies.ma_cross_strategy - INFO - [MACrossPro_SOL/USDT] A processar MA Cross Pro (EMA 5/13) + SMMA + RSI + ADX + Volume...
2026-03-26 11:27:01,001 - strategies.engulf_ma_strategy - INFO - [PriceActionPro_SOL/USDT] Analisando Price Action Pro + EMA 5 + SMMA 21 + RSI + ADX + Volume...
2026-03-26 11:27:01,002 - strategies.rsi_strategy - INFO - [RSIPro_XRP/USDT] Analisando RSI Pro + SMMA + Bandas de Bollinger + ADX + Volume...
2026-03-26 11:27:01,002 - strategies.ma_cross_strategy - INFO - [MACrossPro_XRP/USDT] A processar MA Cross Pro (EMA 5/13) + SMMA + RSI + ADX + Volume...
2026-03-26 11:27:01,003 - strategies.engulf_ma_strategy - INFO - [PriceActionPro_XRP/USDT] Analisando Price Action Pro + EMA 5 + SMMA 21 + RSI + ADX + Volume...
2026-03-26 11:27:01,003 - strategies.rsi_strategy - INFO - [RSIPro_ETH/USDT] Analisando RSI Pro + SMMA + Bandas de Bollinger + ADX + Volume...
2026-03-26 11:27:01,003 - strategies.ma_cross_strategy - INFO - [MACrossPro_ETH/USDT] A processar MA Cross Pro (EMA 5/13) + SMMA + RSI + ADX + Volume...
2026-03-26 11:27:01,004 - strategies.engulf_ma_strategy - INFO - [PriceActionPro_ETH/USDT] Analisando Price Action Pro + EMA 5 + SMMA 21 + RSI + ADX + Volume...
2026-03-26 11:27:05,461 - httpx - INFO - HTTP Request: POST https://api.telegram.org/bot8787313826:AAH5BcKXf7xJjTpg48VIc0kZCHiDstzBeNY/getUpdates "HTTP/1.1 200 OK"
2026-03-26 11:27:15,667 - httpx - INFO - HTTP Request: POST https://api.telegram.org/bot8787313826:AAH5BcKXf7xJjTpg48VIc0kZCHiDstzBeNY/getUpdates "HTTP/1.1 200 OK"
2026-03-26 11:27:25,873 - httpx - INFO - HTTP Request: POST https://api.telegram.org/bot8787313826:AAH5BcKXf7xJjTpg48VIc0kZCHiDstzBeNY/getUpdates "HTTP/1.1 200 OK"
2026-03-26 11:27:36,079 - httpx - INFO - HTTP Request: POST https://api.telegram.org/bot8787313826:AAH5BcKXf7xJjTpg48VIc0kZCHiDstzBeNY/getUpdates "HTTP/1.1 200 OK"
2026-03-26 11:27:46,282 - httpx - INFO - HTTP Request: POST https://api.telegram.org/bot8787313826:AAH5BcKXf7xJjTpg48VIc0kZCHiDstzBeNY/getUpdates "HTTP/1.1 200 OK"
2026-03-26 11:27:56,487 - httpx - INFO - HTTP Request: POST https://api.telegram.org/bot8787313826:AAH5BcKXf7xJjTpg48VIc0kZCHiDstzBeNY/getUpdates "HTTP/1.1 200 OK"
2026-03-26 11:28:01,001 - strategies.rsi_strategy - INFO - [RSIPro_ETH/USDT] Analisando RSI Pro + SMMA + Bandas de Bollinger + ADX + Volume...
2026-03-26 11:28:01,002 - strategies.ma_cross_strategy - INFO - [MACrossPro_ETH/USDT] A processar MA Cross Pro (EMA 5/13) + SMMA + RSI + ADX + Volume...
2026-03-26 11:28:01,002 - strategies.engulf_ma_strategy - INFO - [PriceActionPro_ETH/USDT] Analisando Price Action Pro + EMA 5 + SMMA 21 + RSI + ADX + Volume...
2026-03-26 11:28:01,003 - strategies.rsi_strategy - INFO - [RSIPro_SOL/USDT] Analisando RSI Pro + SMMA + Bandas de Bollinger + ADX + Volume...
2026-03-26 11:28:01,003 - strategies.ma_cross_strategy - INFO - [MACrossPro_SOL/USDT] A processar MA Cross Pro (EMA 5/13) + SMMA + RSI + ADX + Volume...
2026-03-26 11:28:01,004 - strategies.engulf_ma_strategy - INFO - [PriceActionPro_SOL/USDT] Analisando Price Action Pro + EMA 5 + SMMA 21 + RSI + ADX + Volume...
2026-03-26 11:28:01,004 - strategies.rsi_strategy - INFO - [RSIPro_XRP/USDT] Analisando RSI Pro + SMMA + Bandas de Bollinger + ADX + Volume...
2026-03-26 11:28:01,004 - strategies.ma_cross_strategy - INFO - [MACrossPro_XRP/USDT] A processar MA Cross Pro (EMA 5/13) + SMMA + RSI + ADX + Volume...
2026-03-26 11:28:01,005 - strategies.engulf_ma_strategy - INFO - [PriceActionPro_XRP/USDT] Analisando Price Action Pro + EMA 5 + SMMA 21 + RSI + ADX + Volume...
2026-03-26 11:28:06,695 - httpx - INFO - HTTP Request: POST https://api.telegram.org/bot8787313826:AAH5BcKXf7xJjTpg48VIc0kZCHiDstzBeNY/getUpdates "HTTP/1.1 200 OK"
2026-03-26 11:28:16,903 - httpx - INFO - HTTP Request: POST https://api.telegram.org/bot8787313826:AAH5BcKXf7xJjTpg48VIc0kZCHiDstzBeNY/getUpdates "HTTP/1.1 200 OK"
2026-03-26 11:28:27,110 - httpx - INFO - HTTP Request: POST https://api.telegram.org/bot8787313826:AAH5BcKXf7xJjTpg48VIc0kZCHiDstzBeNY/getUpdates "HTTP/1.1 200 OK"
2026-03-26 11:28:37,315 - httpx - INFO - HTTP Request: POST https://api.telegram.org/bot8787313826:AAH5BcKXf7xJjTpg48VIc0kZCHiDstzBeNY/getUpdates "HTTP/1.1 200 OK"
2026-03-26 11:28:47,523 - httpx - INFO - HTTP Request: POST https://api.telegram.org/bot8787313826:AAH5BcKXf7xJjTpg48VIc0kZCHiDstzBeNY/getUpdates "HTTP/1.1 200 OK"
2026-03-26 11:28:57,732 - httpx - INFO - HTTP Request: POST https://api.telegram.org/bot8787313826:AAH5BcKXf7xJjTpg48VIc0kZCHiDstzBeNY/getUpdates "HTTP/1.1 200 OK"
2026-03-26 11:29:01,001 - strategies.rsi_strategy - INFO - [RSIPro_SOL/USDT] Analisando RSI Pro + SMMA + Bandas de Bollinger + ADX + Volume...
2026-03-26 11:29:01,002 - strategies.ma_cross_strategy - INFO - [MACrossPro_SOL/USDT] A processar MA Cross Pro (EMA 5/13) + SMMA + RSI + ADX + Volume...
2026-03-26 11:29:01,002 - strategies.engulf_ma_strategy - INFO - [PriceActionPro_SOL/USDT] Analisando Price Action Pro + EMA 5 + SMMA 21 + RSI + ADX + Volume...
2026-03-26 11:29:01,004 - strategies.rsi_strategy - INFO - [RSIPro_ETH/USDT] Analisando RSI Pro + SMMA + Bandas de Bollinger + ADX + Volume...
2026-03-26 11:29:01,005 - strategies.ma_cross_strategy - INFO - [MACrossPro_ETH/USDT] A processar MA Cross Pro (EMA 5/13) + SMMA + RSI + ADX + Volume...
2026-03-26 11:29:01,005 - strategies.engulf_ma_strategy - INFO - [PriceActionPro_ETH/USDT] Analisando Price Action Pro + EMA 5 + SMMA 21 + RSI + ADX + Volume...
2026-03-26 11:29:01,005 - strategies.rsi_strategy - INFO - [RSIPro_XRP/USDT] Analisando RSI Pro + SMMA + Bandas de Bollinger + ADX + Volume...
2026-03-26 11:29:01,006 - strategies.ma_cross_strategy - INFO - [MACrossPro_XRP/USDT] A processar MA Cross Pro (EMA 5/13) + SMMA + RSI + ADX + Volume...
2026-03-26 11:29:01,006 - strategies.engulf_ma_strategy - INFO - [PriceActionPro_XRP/USDT] Analisando Price Action Pro + EMA 5 + SMMA 21 + RSI + ADX + Volume...
2026-03-26 11:29:07,936 - httpx - INFO - HTTP Request: POST https://api.telegram.org/bot8787313826:AAH5BcKXf7xJjTpg48VIc0kZCHiDstzBeNY/getUpdates "HTTP/1.1 200 OK"
2026-03-26 11:29:18,138 - httpx - INFO - HTTP Request: POST https://api.telegram.org/bot8787313826:AAH5BcKXf7xJjTpg48VIc0kZCHiDstzBeNY/getUpdates "HTTP/1.1 200 OK"
2026-03-26 11:29:28,344 - httpx - INFO - HTTP Request: POST https://api.telegram.org/bot8787313826:AAH5BcKXf7xJjTpg48VIc0kZCHiDstzBeNY/getUpdates "HTTP/1.1 200 OK"
2026-03-26 11:29:38,549 - httpx - INFO - HTTP Request: POST https://api.telegram.org/bot8787313826:AAH5BcKXf7xJjTpg48VIc0kZCHiDstzBeNY/getUpdates "HTTP/1.1 200 OK"
2026-03-26 11:29:48,753 - httpx - INFO - HTTP Request: POST https://api.telegram.org/bot8787313826:AAH5BcKXf7xJjTpg48VIc0kZCHiDstzBeNY/getUpdates "HTTP/1.1 200 OK"
2026-03-26 11:29:58,958 - httpx - INFO - HTTP Request: POST https://api.telegram.org/bot8787313826:AAH5BcKXf7xJjTpg48VIc0kZCHiDstzBeNY/getUpdates "HTTP/1.1 200 OK"
2026-03-26 11:30:01,001 - strategies.rsi_strategy - INFO - [RSIPro_SOL/USDT] Analisando RSI Pro + SMMA + Bandas de Bollinger + ADX + Volume...
2026-03-26 11:30:01,002 - strategies.ma_cross_strategy - INFO - [MACrossPro_SOL/USDT] A processar MA Cross Pro (EMA 5/13) + SMMA + RSI + ADX + Volume...
2026-03-26 11:30:01,003 - strategies.engulf_ma_strategy - INFO - [PriceActionPro_SOL/USDT] Analisando Price Action Pro + EMA 5 + SMMA 21 + RSI + ADX + Volume...
2026-03-26 11:30:01,003 - strategies.rsi_strategy - INFO - [RSIPro_XRP/USDT] Analisando RSI Pro + SMMA + Bandas de Bollinger + ADX + Volume...
2026-03-26 11:30:01,004 - strategies.ma_cross_strategy - INFO - [MACrossPro_XRP/USDT] A processar MA Cross Pro (EMA 5/13) + SMMA + RSI + ADX + Volume...
2026-03-26 11:30:01,004 - strategies.engulf_ma_strategy - INFO - [PriceActionPro_XRP/USDT] Analisando Price Action Pro + EMA 5 + SMMA 21 + RSI + ADX + Volume...
2026-03-26 11:30:01,004 - strategies.rsi_strategy - INFO - [RSIPro_ETH/USDT] Analisando RSI Pro + SMMA + Bandas de Bollinger + ADX + Volume...
2026-03-26 11:30:01,005 - strategies.ma_cross_strategy - INFO - [MACrossPro_ETH/USDT] A processar MA Cross Pro (EMA 5/13) + SMMA + RSI + ADX + Volume...
2026-03-26 11:30:01,005 - strategies.engulf_ma_strategy - INFO - [PriceActionPro_ETH/USDT] Analisando Price Action Pro + EMA 5 + SMMA 21 + RSI + ADX + Volume...
2026-03-26 11:30:09,162 - httpx - INFO - HTTP Request: POST https://api.telegram.org/bot8787313826:AAH5BcKXf7xJjTpg48VIc0kZCHiDstzBeNY/getUpdates "HTTP/1.1 200 OK"
2026-03-26 11:30:19,366 - httpx - INFO - HTTP Request: POST https://api.telegram.org/bot8787313826:AAH5BcKXf7xJjTpg48VIc0kZCHiDstzBeNY/getUpdates "HTTP/1.1 200 OK"
2026-03-26 11:30:29,573 - httpx - INFO - HTTP Request: POST https://api.telegram.org/bot8787313826:AAH5BcKXf7xJjTpg48VIc0kZCHiDstzBeNY/getUpdates "HTTP/1.1 200 OK"
2026-03-26 11:30:39,778 - httpx - INFO - HTTP Request: POST https://api.telegram.org/bot8787313826:AAH5BcKXf7xJjTpg48VIc0kZCHiDstzBeNY/getUpdates "HTTP/1.1 200 OK"
2026-03-26 11:30:49,982 - httpx - INFO - HTTP Request: POST https://api.telegram.org/bot8787313826:AAH5BcKXf7xJjTpg48VIc0kZCHiDstzBeNY/getUpdates "HTTP/1.1 200 OK"
2026-03-26 11:31:00,193 - httpx - INFO - HTTP Request: POST https://api.telegram.org/bot8787313826:AAH5BcKXf7xJjTpg48VIc0kZCHiDstzBeNY/getUpdates "HTTP/1.1 200 OK"
2026-03-26 11:31:01,002 - strategies.rsi_strategy - INFO - [RSIPro_ETH/USDT] Analisando RSI Pro + SMMA + Bandas de Bollinger + ADX + Volume...
2026-03-26 11:31:01,003 - strategies.ma_cross_strategy - INFO - [MACrossPro_ETH/USDT] A processar MA Cross Pro (EMA 5/13) + SMMA + RSI + ADX + Volume...
2026-03-26 11:31:01,003 - strategies.engulf_ma_strategy - INFO - [PriceActionPro_ETH/USDT] Analisando Price Action Pro + EMA 5 + SMMA 21 + RSI + ADX + Volume...
2026-03-26 11:31:01,003 - strategies.rsi_strategy - INFO - [RSIPro_SOL/USDT] Analisando RSI Pro + SMMA + Bandas de Bollinger + ADX + Volume...
2026-03-26 11:31:01,004 - strategies.ma_cross_strategy - INFO - [MACrossPro_SOL/USDT] A processar MA Cross Pro (EMA 5/13) + SMMA + RSI + ADX + Volume...
2026-03-26 11:31:01,004 - strategies.engulf_ma_strategy - INFO - [PriceActionPro_SOL/USDT] Analisando Price Action Pro + EMA 5 + SMMA 21 + RSI + ADX + Volume...
2026-03-26 11:31:01,005 - strategies.rsi_strategy - INFO - [RSIPro_XRP/USDT] Analisando RSI Pro + SMMA + Bandas de Bollinger + ADX + Volume...
2026-03-26 11:31:01,006 - strategies.ma_cross_strategy - INFO - [MACrossPro_XRP/USDT] A processar MA Cross Pro (EMA 5/13) + SMMA + RSI + ADX + Volume...
2026-03-26 11:31:01,007 - strategies.engulf_ma_strategy - INFO - [PriceActionPro_XRP/USDT] Analisando Price Action Pro + EMA 5 + SMMA 21 + RSI + ADX + Volume...
2026-03-26 11:31:10,400 - httpx - INFO - HTTP Request: POST https://api.telegram.org/bot8787313826:AAH5BcKXf7xJjTpg48VIc0kZCHiDstzBeNY/getUpdates "HTTP/1.1 200 OK"
2026-03-26 11:31:20,612 - httpx - INFO - HTTP Request: POST https://api.telegram.org/bot8787313826:AAH5BcKXf7xJjTpg48VIc0kZCHiDstzBeNY/getUpdates "HTTP/1.1 200 OK"
2026-03-26 11:31:30,816 - httpx - INFO - HTTP Request: POST https://api.telegram.org/bot8787313826:AAH5BcKXf7xJjTpg48VIc0kZCHiDstzBeNY/getUpdates "HTTP/1.1 200 OK"
2026-03-26 11:31:41,019 - httpx - INFO - HTTP Request: POST https://api.telegram.org/bot8787313826:AAH5BcKXf7xJjTpg48VIc0kZCHiDstzBeNY/getUpdates "HTTP/1.1 200 OK"
2026-03-26 11:31:51,222 - httpx - INFO - HTTP Request: POST https://api.telegram.org/bot8787313826:AAH5BcKXf7xJjTpg48VIc0kZCHiDstzBeNY/getUpdates "HTTP/1.1 200 OK"
2026-03-26 11:32:01,011 - strategies.rsi_strategy - INFO - [RSIPro_SOL/USDT] Analisando RSI Pro + SMMA + Bandas de Bollinger + ADX + Volume...
2026-03-26 11:32:01,012 - strategies.ma_cross_strategy - INFO - [MACrossPro_SOL/USDT] A processar MA Cross Pro (EMA 5/13) + SMMA + RSI + ADX + Volume...
2026-03-26 11:32:01,013 - strategies.engulf_ma_strategy - INFO - [PriceActionPro_SOL/USDT] Analisando Price Action Pro + EMA 5 + SMMA 21 + RSI + ADX + Volume...
2026-03-26 11:32:01,013 - strategies.rsi_strategy - INFO - [RSIPro_XRP/USDT] Analisando RSI Pro + SMMA + Bandas de Bollinger + ADX + Volume...
2026-03-26 11:32:01,014 - strategies.ma_cross_strategy - INFO - [MACrossPro_XRP/USDT] A processar MA Cross Pro (EMA 5/13) + SMMA + RSI + ADX + Volume...
2026-03-26 11:32:01,014 - strategies.engulf_ma_strategy - INFO - [PriceActionPro_XRP/USDT] Analisando Price Action Pro + EMA 5 + SMMA 21 + RSI + ADX + Volume...
2026-03-26 11:32:01,014 - strategies.rsi_strategy - INFO - [RSIPro_ETH/USDT] Analisando RSI Pro + SMMA + Bandas de Bollinger + ADX + Volume...
2026-03-26 11:32:01,015 - strategies.ma_cross_strategy - INFO - [MACrossPro_ETH/USDT] A processar MA Cross Pro (EMA 5/13) + SMMA + RSI + ADX + Volume...
2026-03-26 11:32:01,015 - strategies.engulf_ma_strategy - INFO - [PriceActionPro_ETH/USDT] Analisando Price Action Pro + EMA 5 + SMMA 21 + RSI + ADX + Volume...
2026-03-26 11:32:01,963 - httpx - INFO - HTTP Request: POST https://api.telegram.org/bot8787313826:AAH5BcKXf7xJjTpg48VIc0kZCHiDstzBeNY/getUpdates "HTTP/1.1 200 OK"
2026-03-26 11:32:12,184 - httpx - INFO - HTTP Request: POST https://api.telegram.org/bot8787313826:AAH5BcKXf7xJjTpg48VIc0kZCHiDstzBeNY/getUpdates "HTTP/1.1 200 OK"
2026-03-26 11:32:22,388 - httpx - INFO - HTTP Request: POST https://api.telegram.org/bot8787313826:AAH5BcKXf7xJjTpg48VIc0kZCHiDstzBeNY/getUpdates "HTTP/1.1 200 OK"
2026-03-26 11:32:32,593 - httpx - INFO - HTTP Request: POST https://api.telegram.org/bot8787313826:AAH5BcKXf7xJjTpg48VIc0kZCHiDstzBeNY/getUpdates "HTTP/1.1 200 OK"
2026-03-26 11:32:42,799 - httpx - INFO - HTTP Request: POST https://api.telegram.org/bot8787313826:AAH5BcKXf7xJjTpg48VIc0kZCHiDstzBeNY/getUpdates "HTTP/1.1 200 OK"
2026-03-26 11:32:53,003 - httpx - INFO - HTTP Request: POST https://api.telegram.org/bot8787313826:AAH5BcKXf7xJjTpg48VIc0kZCHiDstzBeNY/getUpdates "HTTP/1.1 200 OK"
2026-03-26 11:33:00,990 - strategies.rsi_strategy - INFO - [RSIPro_SOL/USDT] Analisando RSI Pro + SMMA + Bandas de Bollinger + ADX + Volume...
2026-03-26 11:33:00,990 - strategies.ma_cross_strategy - INFO - [MACrossPro_SOL/USDT] A processar MA Cross Pro (EMA 5/13) + SMMA + RSI + ADX + Volume...
2026-03-26 11:33:00,991 - strategies.engulf_ma_strategy - INFO - [PriceActionPro_SOL/USDT] Analisando Price Action Pro + EMA 5 + SMMA 21 + RSI + ADX + Volume...
2026-03-26 11:33:00,991 - strategies.rsi_strategy - INFO - [RSIPro_XRP/USDT] Analisando RSI Pro + SMMA + Bandas de Bollinger + ADX + Volume...
2026-03-26 11:33:00,992 - strategies.ma_cross_strategy - INFO - [MACrossPro_XRP/USDT] A processar MA Cross Pro (EMA 5/13) + SMMA + RSI + ADX + Volume...
2026-03-26 11:33:00,992 - strategies.engulf_ma_strategy - INFO - [PriceActionPro_XRP/USDT] Analisando Price Action Pro + EMA 5 + SMMA 21 + RSI + ADX + Volume...
2026-03-26 11:33:00,992 - strategies.rsi_strategy - INFO - [RSIPro_ETH/USDT] Analisando RSI Pro + SMMA + Bandas de Bollinger + ADX + Volume...
2026-03-26 11:33:00,993 - strategies.ma_cross_strategy - INFO - [MACrossPro_ETH/USDT] A processar MA Cross Pro (EMA 5/13) + SMMA + RSI + ADX + Volume...
2026-03-26 11:33:00,993 - strategies.engulf_ma_strategy - INFO - [PriceActionPro_ETH/USDT] Analisando Price Action Pro + EMA 5 + SMMA 21 + RSI + ADX + Volume...
2026-03-26 11:33:03,214 - httpx - INFO - HTTP Request: POST https://api.telegram.org/bot8787313826:AAH5BcKXf7xJjTpg48VIc0kZCHiDstzBeNY/getUpdates "HTTP/1.1 200 OK"
2026-03-26 11:33:13,419 - httpx - INFO - HTTP Request: POST https://api.telegram.org/bot8787313826:AAH5BcKXf7xJjTpg48VIc0kZCHiDstzBeNY/getUpdates "HTTP/1.1 200 OK"
2026-03-26 11:33:23,626 - httpx - INFO - HTTP Request: POST https://api.telegram.org/bot8787313826:AAH5BcKXf7xJjTpg48VIc0kZCHiDstzBeNY/getUpdates "HTTP/1.1 200 OK"
2026-03-26 11:33:33,868 - httpx - INFO - HTTP Request: POST https://api.telegram.org/bot8787313826:AAH5BcKXf7xJjTpg48VIc0kZCHiDstzBeNY/getUpdates "HTTP/1.1 200 OK"
2026-03-26 11:33:44,072 - httpx - INFO - HTTP Request: POST https://api.telegram.org/bot8787313826:AAH5BcKXf7xJjTpg48VIc0kZCHiDstzBeNY/getUpdates "HTTP/1.1 200 OK"
2026-03-26 11:33:54,275 - httpx - INFO - HTTP Request: POST https://api.telegram.org/bot8787313826:AAH5BcKXf7xJjTpg48VIc0kZCHiDstzBeNY/getUpdates "HTTP/1.1 200 OK"
2026-03-26 11:34:01,008 - strategies.rsi_strategy - INFO - [RSIPro_ETH/USDT] Analisando RSI Pro + SMMA + Bandas de Bollinger + ADX + Volume...
2026-03-26 11:34:01,009 - strategies.ma_cross_strategy - INFO - [MACrossPro_ETH/USDT] A processar MA Cross Pro (EMA 5/13) + SMMA + RSI + ADX + Volume...
2026-03-26 11:34:01,010 - strategies.engulf_ma_strategy - INFO - [PriceActionPro_ETH/USDT] Analisando Price Action Pro + EMA 5 + SMMA 21 + RSI + ADX + Volume...
2026-03-26 11:34:01,011 - strategies.rsi_strategy - INFO - [RSIPro_XRP/USDT] Analisando RSI Pro + SMMA + Bandas de Bollinger + ADX + Volume...
2026-03-26 11:34:01,011 - strategies.ma_cross_strategy - INFO - [MACrossPro_XRP/USDT] A processar MA Cross Pro (EMA 5/13) + SMMA + RSI + ADX + Volume...
2026-03-26 11:34:01,012 - strategies.engulf_ma_strategy - INFO - [PriceActionPro_XRP/USDT] Analisando Price Action Pro + EMA 5 + SMMA 21 + RSI + ADX + Volume...
2026-03-26 11:34:01,012 - strategies.rsi_strategy - INFO - [RSIPro_SOL/USDT] Analisando RSI Pro + SMMA + Bandas de Bollinger + ADX + Volume...
2026-03-26 11:34:01,013 - strategies.ma_cross_strategy - INFO - [MACrossPro_SOL/USDT] A processar MA Cross Pro (EMA 5/13) + SMMA + RSI + ADX + Volume...
2026-03-26 11:34:01,013 - strategies.engulf_ma_strategy - INFO - [PriceActionPro_SOL/USDT] Analisando Price Action Pro + EMA 5 + SMMA 21 + RSI + ADX + Volume...
2026-03-26 11:34:04,481 - httpx - INFO - HTTP Request: POST https://api.telegram.org/bot8787313826:AAH5BcKXf7xJjTpg48VIc0kZCHiDstzBeNY/getUpdates "HTTP/1.1 200 OK"
2026-03-26 11:34:14,684 - httpx - INFO - HTTP Request: POST https://api.telegram.org/bot8787313826:AAH5BcKXf7xJjTpg48VIc0kZCHiDstzBeNY/getUpdates "HTTP/1.1 200 OK"
2026-03-26 11:34:24,892 - httpx - INFO - HTTP Request: POST https://api.telegram.org/bot8787313826:AAH5BcKXf7xJjTpg48VIc0kZCHiDstzBeNY/getUpdates "HTTP/1.1 200 OK"
2026-03-26 11:34:35,097 - httpx - INFO - HTTP Request: POST https://api.telegram.org/bot8787313826:AAH5BcKXf7xJjTpg48VIc0kZCHiDstzBeNY/getUpdates "HTTP/1.1 200 OK"
2026-03-26 11:34:45,300 - httpx - INFO - HTTP Request: POST https://api.telegram.org/bot8787313826:AAH5BcKXf7xJjTpg48VIc0kZCHiDstzBeNY/getUpdates "HTTP/1.1 200 OK"
2026-03-26 11:34:55,516 - httpx - INFO - HTTP Request: POST https://api.telegram.org/bot8787313826:AAH5BcKXf7xJjTpg48VIc0kZCHiDstzBeNY/getUpdates "HTTP/1.1 200 OK"
2026-03-26 11:35:01,000 - strategies.rsi_strategy - INFO - [RSIPro_XRP/USDT] Analisando RSI Pro + SMMA + Bandas de Bollinger + ADX + Volume...
2026-03-26 11:35:01,001 - strategies.ma_cross_strategy - INFO - [MACrossPro_XRP/USDT] A processar MA Cross Pro (EMA 5/13) + SMMA + RSI + ADX + Volume...
2026-03-26 11:35:01,002 - strategies.engulf_ma_strategy - INFO - [PriceActionPro_XRP/USDT] Analisando Price Action Pro + EMA 5 + SMMA 21 + RSI + ADX + Volume...
2026-03-26 11:35:01,002 - strategies.rsi_strategy - INFO - [RSIPro_ETH/USDT] Analisando RSI Pro + SMMA + Bandas de Bollinger + ADX + Volume...
2026-03-26 11:35:01,002 - strategies.ma_cross_strategy - INFO - [MACrossPro_ETH/USDT] A processar MA Cross Pro (EMA 5/13) + SMMA + RSI + ADX + Volume...
2026-03-26 11:35:01,003 - strategies.engulf_ma_strategy - INFO - [PriceActionPro_ETH/USDT] Analisando Price Action Pro + EMA 5 + SMMA 21 + RSI + ADX + Volume...
2026-03-26 11:35:01,003 - strategies.rsi_strategy - INFO - [RSIPro_SOL/USDT] Analisando RSI Pro + SMMA + Bandas de Bollinger + ADX + Volume...
2026-03-26 11:35:01,004 - strategies.ma_cross_strategy - INFO - [MACrossPro_SOL/USDT] A processar MA Cross Pro (EMA 5/13) + SMMA + RSI + ADX + Volume...
2026-03-26 11:35:01,004 - strategies.engulf_ma_strategy - INFO - [PriceActionPro_SOL/USDT] Analisando Price Action Pro + EMA 5 + SMMA 21 + RSI + ADX + Volume...
2026-03-26 11:35:05,720 - httpx - INFO - HTTP Request: POST https://api.telegram.org/bot8787313826:AAH5BcKXf7xJjTpg48VIc0kZCHiDstzBeNY/getUpdates "HTTP/1.1 200 OK"
2026-03-26 11:35:15,925 - httpx - INFO - HTTP Request: POST https://api.telegram.org/bot8787313826:AAH5BcKXf7xJjTpg48VIc0kZCHiDstzBeNY/getUpdates "HTTP/1.1 200 OK"
2026-03-26 11:35:26,128 - httpx - INFO - HTTP Request: POST https://api.telegram.org/bot8787313826:AAH5BcKXf7xJjTpg48VIc0kZCHiDstzBeNY/getUpdates "HTTP/1.1 200 OK"
2026-03-26 11:35:36,332 - httpx - INFO - HTTP Request: POST https://api.telegram.org/bot8787313826:AAH5BcKXf7xJjTpg48VIc0kZCHiDstzBeNY/getUpdates "HTTP/1.1 200 OK"
2026-03-26 11:35:47,392 - httpx - INFO - HTTP Request: POST https://api.telegram.org/bot8787313826:AAH5BcKXf7xJjTpg48VIc0kZCHiDstzBeNY/getUpdates "HTTP/1.1 200 OK"
2026-03-26 11:35:57,594 - httpx - INFO - HTTP Request: POST https://api.telegram.org/bot8787313826:AAH5BcKXf7xJjTpg48VIc0kZCHiDstzBeNY/getUpdates "HTTP/1.1 200 OK"
2026-03-26 11:36:00,989 - strategies.rsi_strategy - INFO - [RSIPro_SOL/USDT] Analisando RSI Pro + SMMA + Bandas de Bollinger + ADX + Volume...
2026-03-26 11:36:00,990 - strategies.ma_cross_strategy - INFO - [MACrossPro_SOL/USDT] A processar MA Cross Pro (EMA 5/13) + SMMA + RSI + ADX + Volume...
2026-03-26 11:36:00,990 - strategies.engulf_ma_strategy - INFO - [PriceActionPro_SOL/USDT] Analisando Price Action Pro + EMA 5 + SMMA 21 + RSI + ADX + Volume...
2026-03-26 11:36:00,991 - strategies.rsi_strategy - INFO - [RSIPro_XRP/USDT] Analisando RSI Pro + SMMA + Bandas de Bollinger + ADX + Volume...
2026-03-26 11:36:00,991 - strategies.ma_cross_strategy - INFO - [MACrossPro_XRP/USDT] A processar MA Cross Pro (EMA 5/13) + SMMA + RSI + ADX + Volume...
2026-03-26 11:36:00,991 - strategies.engulf_ma_strategy - INFO - [PriceActionPro_XRP/USDT] Analisando Price Action Pro + EMA 5 + SMMA 21 + RSI + ADX + Volume...
2026-03-26 11:36:00,992 - strategies.rsi_strategy - INFO - [RSIPro_ETH/USDT] Analisando RSI Pro + SMMA + Bandas de Bollinger + ADX + Volume...
2026-03-26 11:36:00,992 - strategies.ma_cross_strategy - INFO - [MACrossPro_ETH/USDT] A processar MA Cross Pro (EMA 5/13) + SMMA + RSI + ADX + Volume...
2026-03-26 11:36:00,992 - strategies.engulf_ma_strategy - INFO - [PriceActionPro_ETH/USDT] Analisando Price Action Pro + EMA 5 + SMMA 21 + RSI + ADX + Volume...
2026-03-26 11:36:07,800 - httpx - INFO - HTTP Request: POST https://api.telegram.org/bot8787313826:AAH5BcKXf7xJjTpg48VIc0kZCHiDstzBeNY/getUpdates "HTTP/1.1 200 OK"
2026-03-26 11:36:18,004 - httpx - INFO - HTTP Request: POST https://api.telegram.org/bot8787313826:AAH5BcKXf7xJjTpg48VIc0kZCHiDstzBeNY/getUpdates "HTTP/1.1 200 OK"
2026-03-26 11:36:28,208 - httpx - INFO - HTTP Request: POST https://api.telegram.org/bot8787313826:AAH5BcKXf7xJjTpg48VIc0kZCHiDstzBeNY/getUpdates "HTTP/1.1 200 OK"
2026-03-26 11:36:38,416 - httpx - INFO - HTTP Request: POST https://api.telegram.org/bot8787313826:AAH5BcKXf7xJjTpg48VIc0kZCHiDstzBeNY/getUpdates "HTTP/1.1 200 OK"
2026-03-26 11:36:48,620 - httpx - INFO - HTTP Request: POST https://api.telegram.org/bot8787313826:AAH5BcKXf7xJjTpg48VIc0kZCHiDstzBeNY/getUpdates "HTTP/1.1 200 OK"
2026-03-26 11:36:58,824 - httpx - INFO - HTTP Request: POST https://api.telegram.org/bot8787313826:AAH5BcKXf7xJjTpg48VIc0kZCHiDstzBeNY/getUpdates "HTTP/1.1 200 OK"
2026-03-26 11:37:01,000 - strategies.rsi_strategy - INFO - [RSIPro_SOL/USDT] Analisando RSI Pro + SMMA + Bandas de Bollinger + ADX + Volume...
2026-03-26 11:37:01,001 - strategies.ma_cross_strategy - INFO - [MACrossPro_SOL/USDT] A processar MA Cross Pro (EMA 5/13) + SMMA + RSI + ADX + Volume...
2026-03-26 11:37:01,001 - strategies.engulf_ma_strategy - INFO - [PriceActionPro_SOL/USDT] Analisando Price Action Pro + EMA 5 + SMMA 21 + RSI + ADX + Volume...
2026-03-26 11:37:01,001 - strategies.rsi_strategy - INFO - [RSIPro_ETH/USDT] Analisando RSI Pro + SMMA + Bandas de Bollinger + ADX + Volume...
2026-03-26 11:37:01,002 - strategies.ma_cross_strategy - INFO - [MACrossPro_ETH/USDT] A processar MA Cross Pro (EMA 5/13) + SMMA + RSI + ADX + Volume...
2026-03-26 11:37:01,002 - strategies.engulf_ma_strategy - INFO - [PriceActionPro_ETH/USDT] Analisando Price Action Pro + EMA 5 + SMMA 21 + RSI + ADX + Volume...
2026-03-26 11:37:01,003 - strategies.rsi_strategy - INFO - [RSIPro_XRP/USDT] Analisando RSI Pro + SMMA + Bandas de Bollinger + ADX + Volume...
2026-03-26 11:37:01,003 - strategies.ma_cross_strategy - INFO - [MACrossPro_XRP/USDT] A processar MA Cross Pro (EMA 5/13) + SMMA + RSI + ADX + Volume...
2026-03-26 11:37:01,003 - strategies.engulf_ma_strategy - INFO - [PriceActionPro_XRP/USDT] Analisando Price Action Pro + EMA 5 + SMMA 21 + RSI + ADX + Volume...
2026-03-26 11:37:09,026 - httpx - INFO - HTTP Request: POST https://api.telegram.org/bot8787313826:AAH5BcKXf7xJjTpg48VIc0kZCHiDstzBeNY/getUpdates "HTTP/1.1 200 OK"
2026-03-26 11:37:19,227 - httpx - INFO - HTTP Request: POST https://api.telegram.org/bot8787313826:AAH5BcKXf7xJjTpg48VIc0kZCHiDstzBeNY/getUpdates "HTTP/1.1 200 OK"
2026-03-26 11:37:29,429 - httpx - INFO - HTTP Request: POST https://api.telegram.org/bot8787313826:AAH5BcKXf7xJjTpg48VIc0kZCHiDstzBeNY/getUpdates "HTTP/1.1 200 OK"
2026-03-26 11:37:39,631 - httpx - INFO - HTTP Request: POST https://api.telegram.org/bot8787313826:AAH5BcKXf7xJjTpg48VIc0kZCHiDstzBeNY/getUpdates "HTTP/1.1 200 OK"
2026-03-26 11:37:49,833 - httpx - INFO - HTTP Request: POST https://api.telegram.org/bot8787313826:AAH5BcKXf7xJjTpg48VIc0kZCHiDstzBeNY/getUpdates "HTTP/1.1 200 OK"
2026-03-26 11:38:00,036 - httpx - INFO - HTTP Request: POST https://api.telegram.org/bot8787313826:AAH5BcKXf7xJjTpg48VIc0kZCHiDstzBeNY/getUpdates "HTTP/1.1 200 OK"
2026-03-26 11:38:01,008 - strategies.rsi_strategy - INFO - [RSIPro_ETH/USDT] Analisando RSI Pro + SMMA + Bandas de Bollinger + ADX + Volume...
2026-03-26 11:38:01,009 - strategies.ma_cross_strategy - INFO - [MACrossPro_ETH/USDT] A processar MA Cross Pro (EMA 5/13) + SMMA + RSI + ADX + Volume...
2026-03-26 11:38:01,009 - strategies.engulf_ma_strategy - INFO - [PriceActionPro_ETH/USDT] Analisando Price Action Pro + EMA 5 + SMMA 21 + RSI + ADX + Volume...
2026-03-26 11:38:01,010 - strategies.rsi_strategy - INFO - [RSIPro_XRP/USDT] Analisando RSI Pro + SMMA + Bandas de Bollinger + ADX + Volume...
2026-03-26 11:38:01,011 - strategies.ma_cross_strategy - INFO - [MACrossPro_XRP/USDT] A processar MA Cross Pro (EMA 5/13) + SMMA + RSI + ADX + Volume...
2026-03-26 11:38:01,012 - strategies.engulf_ma_strategy - INFO - [PriceActionPro_XRP/USDT] Analisando Price Action Pro + EMA 5 + SMMA 21 + RSI + ADX + Volume...
2026-03-26 11:38:01,012 - strategies.rsi_strategy - INFO - [RSIPro_SOL/USDT] Analisando RSI Pro + SMMA + Bandas de Bollinger + ADX + Volume...
2026-03-26 11:38:01,012 - strategies.ma_cross_strategy - INFO - [MACrossPro_SOL/USDT] A processar MA Cross Pro (EMA 5/13) + SMMA + RSI + ADX + Volume...
2026-03-26 11:38:01,013 - strategies.engulf_ma_strategy - INFO - [PriceActionPro_SOL/USDT] Analisando Price Action Pro + EMA 5 + SMMA 21 + RSI + ADX + Volume...
2026-03-26 11:38:10,239 - httpx - INFO - HTTP Request: POST https://api.telegram.org/bot8787313826:AAH5BcKXf7xJjTpg48VIc0kZCHiDstzBeNY/getUpdates "HTTP/1.1 200 OK"
2026-03-26 11:38:20,440 - httpx - INFO - HTTP Request: POST https://api.telegram.org/bot8787313826:AAH5BcKXf7xJjTpg48VIc0kZCHiDstzBeNY/getUpdates "HTTP/1.1 200 OK"
2026-03-26 11:38:30,643 - httpx - INFO - HTTP Request: POST https://api.telegram.org/bot8787313826:AAH5BcKXf7xJjTpg48VIc0kZCHiDstzBeNY/getUpdates "HTTP/1.1 200 OK"
2026-03-26 11:38:40,846 - httpx - INFO - HTTP Request: POST https://api.telegram.org/bot8787313826:AAH5BcKXf7xJjTpg48VIc0kZCHiDstzBeNY/getUpdates "HTTP/1.1 200 OK"
2026-03-26 11:38:51,047 - httpx - INFO - HTTP Request: POST https://api.telegram.org/bot8787313826:AAH5BcKXf7xJjTpg48VIc0kZCHiDstzBeNY/getUpdates "HTTP/1.1 200 OK"
2026-03-26 11:39:00,996 - strategies.rsi_strategy - INFO - [RSIPro_SOL/USDT] Analisando RSI Pro + SMMA + Bandas de Bollinger + ADX + Volume...
2026-03-26 11:39:00,997 - strategies.ma_cross_strategy - INFO - [MACrossPro_SOL/USDT] A processar MA Cross Pro (EMA 5/13) + SMMA + RSI + ADX + Volume...
2026-03-26 11:39:00,997 - strategies.engulf_ma_strategy - INFO - [PriceActionPro_SOL/USDT] Analisando Price Action Pro + EMA 5 + SMMA 21 + RSI + ADX + Volume...
2026-03-26 11:39:00,997 - strategies.rsi_strategy - INFO - [RSIPro_ETH/USDT] Analisando RSI Pro + SMMA + Bandas de Bollinger + ADX + Volume...
2026-03-26 11:39:00,998 - strategies.ma_cross_strategy - INFO - [MACrossPro_ETH/USDT] A processar MA Cross Pro (EMA 5/13) + SMMA + RSI + ADX + Volume...
2026-03-26 11:39:00,998 - strategies.engulf_ma_strategy - INFO - [PriceActionPro_ETH/USDT] Analisando Price Action Pro + EMA 5 + SMMA 21 + RSI + ADX + Volume...
2026-03-26 11:39:00,998 - strategies.rsi_strategy - INFO - [RSIPro_XRP/USDT] Analisando RSI Pro + SMMA + Bandas de Bollinger + ADX + Volume...
2026-03-26 11:39:00,999 - strategies.ma_cross_strategy - INFO - [MACrossPro_XRP/USDT] A processar MA Cross Pro (EMA 5/13) + SMMA + RSI + ADX + Volume...
2026-03-26 11:39:00,999 - strategies.engulf_ma_strategy - INFO - [PriceActionPro_XRP/USDT] Analisando Price Action Pro + EMA 5 + SMMA 21 + RSI + ADX + Volume...
2026-03-26 11:39:01,253 - httpx - INFO - HTTP Request: POST https://api.telegram.org/bot8787313826:AAH5BcKXf7xJjTpg48VIc0kZCHiDstzBeNY/getUpdates "HTTP/1.1 200 OK"
2026-03-26 11:39:11,455 - httpx - INFO - HTTP Request: POST https://api.telegram.org/bot8787313826:AAH5BcKXf7xJjTpg48VIc0kZCHiDstzBeNY/getUpdates "HTTP/1.1 200 OK"
2026-03-26 11:39:21,658 - httpx - INFO - HTTP Request: POST https://api.telegram.org/bot8787313826:AAH5BcKXf7xJjTpg48VIc0kZCHiDstzBeNY/getUpdates "HTTP/1.1 200 OK"
2026-03-26 11:39:31,864 - httpx - INFO - HTTP Request: POST https://api.telegram.org/bot8787313826:AAH5BcKXf7xJjTpg48VIc0kZCHiDstzBeNY/getUpdates "HTTP/1.1 200 OK"
2026-03-26 11:39:42,067 - httpx - INFO - HTTP Request: POST https://api.telegram.org/bot8787313826:AAH5BcKXf7xJjTpg48VIc0kZCHiDstzBeNY/getUpdates "HTTP/1.1 200 OK"
2026-03-26 11:39:52,269 - httpx - INFO - HTTP Request: POST https://api.telegram.org/bot8787313826:AAH5BcKXf7xJjTpg48VIc0kZCHiDstzBeNY/getUpdates "HTTP/1.1 200 OK"
2026-03-26 11:40:00,990 - strategies.rsi_strategy - INFO - [RSIPro_SOL/USDT] Analisando RSI Pro + SMMA + Bandas de Bollinger + ADX + Volume...
2026-03-26 11:40:00,991 - strategies.ma_cross_strategy - INFO - [MACrossPro_SOL/USDT] A processar MA Cross Pro (EMA 5/13) + SMMA + RSI + ADX + Volume...
2026-03-26 11:40:00,993 - strategies.engulf_ma_strategy - INFO - [PriceActionPro_SOL/USDT] Analisando Price Action Pro + EMA 5 + SMMA 21 + RSI + ADX + Volume...
2026-03-26 11:40:00,993 - strategies.rsi_strategy - INFO - [RSIPro_ETH/USDT] Analisando RSI Pro + SMMA + Bandas de Bollinger + ADX + Volume...
2026-03-26 11:40:00,994 - strategies.ma_cross_strategy - INFO - [MACrossPro_ETH/USDT] A processar MA Cross Pro (EMA 5/13) + SMMA + RSI + ADX + Volume...
2026-03-26 11:40:00,994 - strategies.engulf_ma_strategy - INFO - [PriceActionPro_ETH/USDT] Analisando Price Action Pro + EMA 5 + SMMA 21 + RSI + ADX + Volume...
2026-03-26 11:40:00,994 - strategies.rsi_strategy - INFO - [RSIPro_XRP/USDT] Analisando RSI Pro + SMMA + Bandas de Bollinger + ADX + Volume...
2026-03-26 11:40:00,995 - strategies.ma_cross_strategy - INFO - [MACrossPro_XRP/USDT] A processar MA Cross Pro (EMA 5/13) + SMMA + RSI + ADX + Volume...
2026-03-26 11:40:00,995 - strategies.engulf_ma_strategy - INFO - [PriceActionPro_XRP/USDT] Analisando Price Action Pro + EMA 5 + SMMA 21 + RSI + ADX + Volume...
2026-03-26 11:40:02,472 - httpx - INFO - HTTP Request: POST https://api.telegram.org/bot8787313826:AAH5BcKXf7xJjTpg48VIc0kZCHiDstzBeNY/getUpdates "HTTP/1.1 200 OK"
2026-03-26 11:40:12,675 - httpx - INFO - HTTP Request: POST https://api.telegram.org/bot8787313826:AAH5BcKXf7xJjTpg48VIc0kZCHiDstzBeNY/getUpdates "HTTP/1.1 200 OK"
2026-03-26 11:40:22,879 - httpx - INFO - HTTP Request: POST https://api.telegram.org/bot8787313826:AAH5BcKXf7xJjTpg48VIc0kZCHiDstzBeNY/getUpdates "HTTP/1.1 200 OK"
2026-03-26 11:40:33,084 - httpx - INFO - HTTP Request: POST https://api.telegram.org/bot8787313826:AAH5BcKXf7xJjTpg48VIc0kZCHiDstzBeNY/getUpdates "HTTP/1.1 200 OK"
2026-03-26 11:40:43,288 - httpx - INFO - HTTP Request: POST https://api.telegram.org/bot8787313826:AAH5BcKXf7xJjTpg48VIc0kZCHiDstzBeNY/getUpdates "HTTP/1.1 200 OK"
2026-03-26 11:40:53,492 - httpx - INFO - HTTP Request: POST https://api.telegram.org/bot8787313826:AAH5BcKXf7xJjTpg48VIc0kZCHiDstzBeNY/getUpdates "HTTP/1.1 200 OK"
2026-03-26 11:41:00,990 - strategies.rsi_strategy - INFO - [RSIPro_XRP/USDT] Analisando RSI Pro + SMMA + Bandas de Bollinger + ADX + Volume...
2026-03-26 11:41:00,991 - strategies.ma_cross_strategy - INFO - [MACrossPro_XRP/USDT] A processar MA Cross Pro (EMA 5/13) + SMMA + RSI + ADX + Volume...
2026-03-26 11:41:00,991 - strategies.engulf_ma_strategy - INFO - [PriceActionPro_XRP/USDT] Analisando Price Action Pro + EMA 5 + SMMA 21 + RSI + ADX + Volume...
2026-03-26 11:41:00,991 - strategies.rsi_strategy - INFO - [RSIPro_ETH/USDT] Analisando RSI Pro + SMMA + Bandas de Bollinger + ADX + Volume...
2026-03-26 11:41:00,992 - strategies.ma_cross_strategy - INFO - [MACrossPro_ETH/USDT] A processar MA Cross Pro (EMA 5/13) + SMMA + RSI + ADX + Volume...
2026-03-26 11:41:00,992 - strategies.engulf_ma_strategy - INFO - [PriceActionPro_ETH/USDT] Analisando Price Action Pro + EMA 5 + SMMA 21 + RSI + ADX + Volume...
2026-03-26 11:41:00,993 - strategies.rsi_strategy - INFO - [RSIPro_SOL/USDT] Analisando RSI Pro + SMMA + Bandas de Bollinger + ADX + Volume...
2026-03-26 11:41:00,993 - strategies.ma_cross_strategy - INFO - [MACrossPro_SOL/USDT] A processar MA Cross Pro (EMA 5/13) + SMMA + RSI + ADX + Volume...
2026-03-26 11:41:00,993 - strategies.engulf_ma_strategy - INFO - [PriceActionPro_SOL/USDT] Analisando Price Action Pro + EMA 5 + SMMA 21 + RSI + ADX + Volume...
2026-03-26 11:41:03,699 - httpx - INFO - HTTP Request: POST https://api.telegram.org/bot8787313826:AAH5BcKXf7xJjTpg48VIc0kZCHiDstzBeNY/getUpdates "HTTP/1.1 200 OK"
2026-03-26 11:41:13,903 - httpx - INFO - HTTP Request: POST https://api.telegram.org/bot8787313826:AAH5BcKXf7xJjTpg48VIc0kZCHiDstzBeNY/getUpdates "HTTP/1.1 200 OK"
2026-03-26 11:41:24,104 - httpx - INFO - HTTP Request: POST https://api.telegram.org/bot8787313826:AAH5BcKXf7xJjTpg48VIc0kZCHiDstzBeNY/getUpdates "HTTP/1.1 200 OK"
2026-03-26 11:41:34,306 - httpx - INFO - HTTP Request: POST https://api.telegram.org/bot8787313826:AAH5BcKXf7xJjTpg48VIc0kZCHiDstzBeNY/getUpdates "HTTP/1.1 200 OK"
2026-03-26 11:41:44,508 - httpx - INFO - HTTP Request: POST https://api.telegram.org/bot8787313826:AAH5BcKXf7xJjTpg48VIc0kZCHiDstzBeNY/getUpdates "HTTP/1.1 200 OK"
2026-03-26 11:41:54,710 - httpx - INFO - HTTP Request: POST https://api.telegram.org/bot8787313826:AAH5BcKXf7xJjTpg48VIc0kZCHiDstzBeNY/getUpdates "HTTP/1.1 200 OK"
2026-03-26 11:42:01,002 - strategies.rsi_strategy - INFO - [RSIPro_ETH/USDT] Analisando RSI Pro + SMMA + Bandas de Bollinger + ADX + Volume...
2026-03-26 11:42:01,002 - strategies.ma_cross_strategy - INFO - [MACrossPro_ETH/USDT] A processar MA Cross Pro (EMA 5/13) + SMMA + RSI + ADX + Volume...
2026-03-26 11:42:01,003 - strategies.engulf_ma_strategy - INFO - [PriceActionPro_ETH/USDT] Analisando Price Action Pro + EMA 5 + SMMA 21 + RSI + ADX + Volume...
2026-03-26 11:42:01,003 - strategies.rsi_strategy - INFO - [RSIPro_SOL/USDT] Analisando RSI Pro + SMMA + Bandas de Bollinger + ADX + Volume...
2026-03-26 11:42:01,003 - strategies.ma_cross_strategy - INFO - [MACrossPro_SOL/USDT] A processar MA Cross Pro (EMA 5/13) + SMMA + RSI + ADX + Volume...
2026-03-26 11:42:01,004 - strategies.engulf_ma_strategy - INFO - [PriceActionPro_SOL/USDT] Analisando Price Action Pro + EMA 5 + SMMA 21 + RSI + ADX + Volume...
2026-03-26 11:42:01,004 - strategies.rsi_strategy - INFO - [RSIPro_XRP/USDT] Analisando RSI Pro + SMMA + Bandas de Bollinger + ADX + Volume...
2026-03-26 11:42:01,004 - strategies.ma_cross_strategy - INFO - [MACrossPro_XRP/USDT] A processar MA Cross Pro (EMA 5/13) + SMMA + RSI + ADX + Volume...
2026-03-26 11:42:01,004 - strategies.engulf_ma_strategy - INFO - [PriceActionPro_XRP/USDT] Analisando Price Action Pro + EMA 5 + SMMA 21 + RSI + ADX + Volume...
2026-03-26 11:42:04,913 - httpx - INFO - HTTP Request: POST https://api.telegram.org/bot8787313826:AAH5BcKXf7xJjTpg48VIc0kZCHiDstzBeNY/getUpdates "HTTP/1.1 200 OK"
2026-03-26 11:42:15,116 - httpx - INFO - HTTP Request: POST https://api.telegram.org/bot8787313826:AAH5BcKXf7xJjTpg48VIc0kZCHiDstzBeNY/getUpdates "HTTP/1.1 200 OK"
2026-03-26 11:42:25,319 - httpx - INFO - HTTP Request: POST https://api.telegram.org/bot8787313826:AAH5BcKXf7xJjTpg48VIc0kZCHiDstzBeNY/getUpdates "HTTP/1.1 200 OK"
2026-03-26 11:42:35,521 - httpx - INFO - HTTP Request: POST https://api.telegram.org/bot8787313826:AAH5BcKXf7xJjTpg48VIc0kZCHiDstzBeNY/getUpdates "HTTP/1.1 200 OK"
2026-03-26 11:42:45,724 - httpx - INFO - HTTP Request: POST https://api.telegram.org/bot8787313826:AAH5BcKXf7xJjTpg48VIc0kZCHiDstzBeNY/getUpdates "HTTP/1.1 200 OK"
2026-03-26 11:42:55,928 - httpx - INFO - HTTP Request: POST https://api.telegram.org/bot8787313826:AAH5BcKXf7xJjTpg48VIc0kZCHiDstzBeNY/getUpdates "HTTP/1.1 200 OK"
2026-03-26 11:43:01,002 - strategies.rsi_strategy - INFO - [RSIPro_ETH/USDT] Analisando RSI Pro + SMMA + Bandas de Bollinger + ADX + Volume...
2026-03-26 11:43:01,002 - strategies.ma_cross_strategy - INFO - [MACrossPro_ETH/USDT] A processar MA Cross Pro (EMA 5/13) + SMMA + RSI + ADX + Volume...
2026-03-26 11:43:01,003 - strategies.engulf_ma_strategy - INFO - [PriceActionPro_ETH/USDT] Analisando Price Action Pro + EMA 5 + SMMA 21 + RSI + ADX + Volume...
2026-03-26 11:43:01,004 - strategies.rsi_strategy - INFO - [RSIPro_SOL/USDT] Analisando RSI Pro + SMMA + Bandas de Bollinger + ADX + Volume...
2026-03-26 11:43:01,004 - strategies.ma_cross_strategy - INFO - [MACrossPro_SOL/USDT] A processar MA Cross Pro (EMA 5/13) + SMMA + RSI + ADX + Volume...
2026-03-26 11:43:01,005 - strategies.engulf_ma_strategy - INFO - [PriceActionPro_SOL/USDT] Analisando Price Action Pro + EMA 5 + SMMA 21 + RSI + ADX + Volume...
2026-03-26 11:43:01,006 - strategies.rsi_strategy - INFO - [RSIPro_XRP/USDT] Analisando RSI Pro + SMMA + Bandas de Bollinger + ADX + Volume...
2026-03-26 11:43:01,006 - strategies.ma_cross_strategy - INFO - [MACrossPro_XRP/USDT] A processar MA Cross Pro (EMA 5/13) + SMMA + RSI + ADX + Volume...
2026-03-26 11:43:01,006 - strategies.engulf_ma_strategy - INFO - [PriceActionPro_XRP/USDT] Analisando Price Action Pro + EMA 5 + SMMA 21 + RSI + ADX + Volume...
2026-03-26 11:43:06,130 - httpx - INFO - HTTP Request: POST https://api.telegram.org/bot8787313826:AAH5BcKXf7xJjTpg48VIc0kZCHiDstzBeNY/getUpdates "HTTP/1.1 200 OK"
2026-03-26 11:43:16,331 - httpx - INFO - HTTP Request: POST https://api.telegram.org/bot8787313826:AAH5BcKXf7xJjTpg48VIc0kZCHiDstzBeNY/getUpdates "HTTP/1.1 200 OK"
2026-03-26 11:43:26,535 - httpx - INFO - HTTP Request: POST https://api.telegram.org/bot8787313826:AAH5BcKXf7xJjTpg48VIc0kZCHiDstzBeNY/getUpdates "HTTP/1.1 200 OK"
2026-03-26 11:43:36,739 - httpx - INFO - HTTP Request: POST https://api.telegram.org/bot8787313826:AAH5BcKXf7xJjTpg48VIc0kZCHiDstzBeNY/getUpdates "HTTP/1.1 200 OK"
2026-03-26 11:43:46,941 - httpx - INFO - HTTP Request: POST https://api.telegram.org/bot8787313826:AAH5BcKXf7xJjTpg48VIc0kZCHiDstzBeNY/getUpdates "HTTP/1.1 200 OK"
2026-03-26 11:43:57,142 - httpx - INFO - HTTP Request: POST https://api.telegram.org/bot8787313826:AAH5BcKXf7xJjTpg48VIc0kZCHiDstzBeNY/getUpdates "HTTP/1.1 200 OK"
2026-03-26 11:44:00,990 - strategies.rsi_strategy - INFO - [RSIPro_ETH/USDT] Analisando RSI Pro + SMMA + Bandas de Bollinger + ADX + Volume...
2026-03-26 11:44:00,991 - strategies.ma_cross_strategy - INFO - [MACrossPro_ETH/USDT] A processar MA Cross Pro (EMA 5/13) + SMMA + RSI + ADX + Volume...
2026-03-26 11:44:00,991 - strategies.engulf_ma_strategy - INFO - [PriceActionPro_ETH/USDT] Analisando Price Action Pro + EMA 5 + SMMA 21 + RSI + ADX + Volume...
2026-03-26 11:44:00,991 - strategies.rsi_strategy - INFO - [RSIPro_XRP/USDT] Analisando RSI Pro + SMMA + Bandas de Bollinger + ADX + Volume...
2026-03-26 11:44:00,992 - strategies.ma_cross_strategy - INFO - [MACrossPro_XRP/USDT] A processar MA Cross Pro (EMA 5/13) + SMMA + RSI + ADX + Volume...
2026-03-26 11:44:00,992 - strategies.engulf_ma_strategy - INFO - [PriceActionPro_XRP/USDT] Analisando Price Action Pro + EMA 5 + SMMA 21 + RSI + ADX + Volume...
2026-03-26 11:44:00,993 - strategies.rsi_strategy - INFO - [RSIPro_SOL/USDT] Analisando RSI Pro + SMMA + Bandas de Bollinger + ADX + Volume...
2026-03-26 11:44:00,993 - strategies.ma_cross_strategy - INFO - [MACrossPro_SOL/USDT] A processar MA Cross Pro (EMA 5/13) + SMMA + RSI + ADX + Volume...
2026-03-26 11:44:00,993 - strategies.engulf_ma_strategy - INFO - [PriceActionPro_SOL/USDT] Analisando Price Action Pro + EMA 5 + SMMA 21 + RSI + ADX + Volume...
2026-03-26 11:44:07,344 - httpx - INFO - HTTP Request: POST https://api.telegram.org/bot8787313826:AAH5BcKXf7xJjTpg48VIc0kZCHiDstzBeNY/getUpdates "HTTP/1.1 200 OK"
2026-03-26 11:44:17,548 - httpx - INFO - HTTP Request: POST https://api.telegram.org/bot8787313826:AAH5BcKXf7xJjTpg48VIc0kZCHiDstzBeNY/getUpdates "HTTP/1.1 200 OK"
2026-03-26 11:44:27,751 - httpx - INFO - HTTP Request: POST https://api.telegram.org/bot8787313826:AAH5BcKXf7xJjTpg48VIc0kZCHiDstzBeNY/getUpdates "HTTP/1.1 200 OK"
2026-03-26 11:44:37,953 - httpx - INFO - HTTP Request: POST https://api.telegram.org/bot8787313826:AAH5BcKXf7xJjTpg48VIc0kZCHiDstzBeNY/getUpdates "HTTP/1.1 200 OK"
2026-03-26 11:44:48,154 - httpx - INFO - HTTP Request: POST https://api.telegram.org/bot8787313826:AAH5BcKXf7xJjTpg48VIc0kZCHiDstzBeNY/getUpdates "HTTP/1.1 200 OK"
2026-03-26 11:44:58,356 - httpx - INFO - HTTP Request: POST https://api.telegram.org/bot8787313826:AAH5BcKXf7xJjTpg48VIc0kZCHiDstzBeNY/getUpdates "HTTP/1.1 200 OK"
2026-03-26 11:45:01,004 - strategies.rsi_strategy - INFO - [RSIPro_SOL/USDT] Analisando RSI Pro + SMMA + Bandas de Bollinger + ADX + Volume...
2026-03-26 11:45:01,032 - strategies.ma_cross_strategy - INFO - [MACrossPro_SOL/USDT] A processar MA Cross Pro (EMA 5/13) + SMMA + RSI + ADX + Volume...
2026-03-26 11:45:01,050 - strategies.engulf_ma_strategy - INFO - [PriceActionPro_SOL/USDT] Analisando Price Action Pro + EMA 5 + SMMA 21 + RSI + ADX + Volume...
2026-03-26 11:45:01,073 - strategies.rsi_strategy - INFO - [RSIPro_XRP/USDT] Analisando RSI Pro + SMMA + Bandas de Bollinger + ADX + Volume...
2026-03-26 11:45:01,115 - strategies.ma_cross_strategy - INFO - [MACrossPro_XRP/USDT] A processar MA Cross Pro (EMA 5/13) + SMMA + RSI + ADX + Volume...
2026-03-26 11:45:01,180 - strategies.engulf_ma_strategy - INFO - [PriceActionPro_XRP/USDT] Analisando Price Action Pro + EMA 5 + SMMA 21 + RSI + ADX + Volume...
2026-03-26 11:45:01,219 - strategies.rsi_strategy - INFO - [RSIPro_ETH/USDT] Analisando RSI Pro + SMMA + Bandas de Bollinger + ADX + Volume...
2026-03-26 11:45:01,251 - strategies.ma_cross_strategy - INFO - [MACrossPro_ETH/USDT] A processar MA Cross Pro (EMA 5/13) + SMMA + RSI + ADX + Volume...
2026-03-26 11:45:01,315 - strategies.engulf_ma_strategy - INFO - [PriceActionPro_ETH/USDT] Analisando Price Action Pro + EMA 5 + SMMA 21 + RSI + ADX + Volume...
2026-03-26 11:45:08,557 - httpx - INFO - HTTP Request: POST https://api.telegram.org/bot8787313826:AAH5BcKXf7xJjTpg48VIc0kZCHiDstzBeNY/getUpdates "HTTP/1.1 200 OK"
2026-03-26 11:45:18,759 - httpx - INFO - HTTP Request: POST https://api.telegram.org/bot8787313826:AAH5BcKXf7xJjTpg48VIc0kZCHiDstzBeNY/getUpdates "HTTP/1.1 200 OK"
2026-03-26 11:45:28,964 - httpx - INFO - HTTP Request: POST https://api.telegram.org/bot8787313826:AAH5BcKXf7xJjTpg48VIc0kZCHiDstzBeNY/getUpdates "HTTP/1.1 200 OK"
2026-03-26 11:45:39,166 - httpx - INFO - HTTP Request: POST https://api.telegram.org/bot8787313826:AAH5BcKXf7xJjTpg48VIc0kZCHiDstzBeNY/getUpdates "HTTP/1.1 200 OK"
2026-03-26 11:45:49,367 - httpx - INFO - HTTP Request: POST https://api.telegram.org/bot8787313826:AAH5BcKXf7xJjTpg48VIc0kZCHiDstzBeNY/getUpdates "HTTP/1.1 200 OK"
2026-03-26 11:45:59,572 - httpx - INFO - HTTP Request: POST https://api.telegram.org/bot8787313826:AAH5BcKXf7xJjTpg48VIc0kZCHiDstzBeNY/getUpdates "HTTP/1.1 200 OK"
2026-03-26 11:46:01,006 - strategies.rsi_strategy - INFO - [RSIPro_XRP/USDT] Analisando RSI Pro + SMMA + Bandas de Bollinger + ADX + Volume...
2026-03-26 11:46:01,030 - strategies.ma_cross_strategy - INFO - [MACrossPro_XRP/USDT] A processar MA Cross Pro (EMA 5/13) + SMMA + RSI + ADX + Volume...
2026-03-26 11:46:01,058 - strategies.engulf_ma_strategy - INFO - [PriceActionPro_XRP/USDT] Analisando Price Action Pro + EMA 5 + SMMA 21 + RSI + ADX + Volume...
2026-03-26 11:46:01,068 - strategies.rsi_strategy - INFO - [RSIPro_ETH/USDT] Analisando RSI Pro + SMMA + Bandas de Bollinger + ADX + Volume...
2026-03-26 11:46:01,069 - strategies.ma_cross_strategy - INFO - [MACrossPro_ETH/USDT] A processar MA Cross Pro (EMA 5/13) + SMMA + RSI + ADX + Volume...
2026-03-26 11:46:01,069 - strategies.engulf_ma_strategy - INFO - [PriceActionPro_ETH/USDT] Analisando Price Action Pro + EMA 5 + SMMA 21 + RSI + ADX + Volume...
2026-03-26 11:46:01,069 - strategies.rsi_strategy - INFO - [RSIPro_SOL/USDT] Analisando RSI Pro + SMMA + Bandas de Bollinger + ADX + Volume...
2026-03-26 11:46:01,070 - strategies.ma_cross_strategy - INFO - [MACrossPro_SOL/USDT] A processar MA Cross Pro (EMA 5/13) + SMMA + RSI + ADX + Volume...
2026-03-26 11:46:01,071 - strategies.engulf_ma_strategy - INFO - [PriceActionPro_SOL/USDT] Analisando Price Action Pro + EMA 5 + SMMA 21 + RSI + ADX + Volume...
2026-03-26 11:46:09,796 - httpx - INFO - HTTP Request: POST https://api.telegram.org/bot8787313826:AAH5BcKXf7xJjTpg48VIc0kZCHiDstzBeNY/getUpdates "HTTP/1.1 200 OK"
2026-03-26 11:46:20,002 - httpx - INFO - HTTP Request: POST https://api.telegram.org/bot8787313826:AAH5BcKXf7xJjTpg48VIc0kZCHiDstzBeNY/getUpdates "HTTP/1.1 200 OK"
2026-03-26 11:46:30,217 - httpx - INFO - HTTP Request: POST https://api.telegram.org/bot8787313826:AAH5BcKXf7xJjTpg48VIc0kZCHiDstzBeNY/getUpdates "HTTP/1.1 200 OK"
2026-03-26 11:46:40,419 - httpx - INFO - HTTP Request: POST https://api.telegram.org/bot8787313826:AAH5BcKXf7xJjTpg48VIc0kZCHiDstzBeNY/getUpdates "HTTP/1.1 200 OK"
2026-03-26 11:46:50,620 - httpx - INFO - HTTP Request: POST https://api.telegram.org/bot8787313826:AAH5BcKXf7xJjTpg48VIc0kZCHiDstzBeNY/getUpdates "HTTP/1.1 200 OK"
2026-03-26 11:47:00,823 - httpx - INFO - HTTP Request: POST https://api.telegram.org/bot8787313826:AAH5BcKXf7xJjTpg48VIc0kZCHiDstzBeNY/getUpdates "HTTP/1.1 200 OK"
2026-03-26 11:47:01,003 - strategies.rsi_strategy - INFO - [RSIPro_XRP/USDT] Analisando RSI Pro + SMMA + Bandas de Bollinger + ADX + Volume...
2026-03-26 11:47:01,004 - strategies.ma_cross_strategy - INFO - [MACrossPro_XRP/USDT] A processar MA Cross Pro (EMA 5/13) + SMMA + RSI + ADX + Volume...
2026-03-26 11:47:01,006 - strategies.engulf_ma_strategy - INFO - [PriceActionPro_XRP/USDT] Analisando Price Action Pro + EMA 5 + SMMA 21 + RSI + ADX + Volume...
2026-03-26 11:47:01,006 - strategies.rsi_strategy - INFO - [RSIPro_SOL/USDT] Analisando RSI Pro + SMMA + Bandas de Bollinger + ADX + Volume...
2026-03-26 11:47:01,006 - strategies.ma_cross_strategy - INFO - [MACrossPro_SOL/USDT] A processar MA Cross Pro (EMA 5/13) + SMMA + RSI + ADX + Volume...
2026-03-26 11:47:01,007 - strategies.engulf_ma_strategy - INFO - [PriceActionPro_SOL/USDT] Analisando Price Action Pro + EMA 5 + SMMA 21 + RSI + ADX + Volume...
2026-03-26 11:47:01,007 - strategies.rsi_strategy - INFO - [RSIPro_ETH/USDT] Analisando RSI Pro + SMMA + Bandas de Bollinger + ADX + Volume...
2026-03-26 11:47:01,007 - strategies.ma_cross_strategy - INFO - [MACrossPro_ETH/USDT] A processar MA Cross Pro (EMA 5/13) + SMMA + RSI + ADX + Volume...
2026-03-26 11:47:01,008 - strategies.engulf_ma_strategy - INFO - [PriceActionPro_ETH/USDT] Analisando Price Action Pro + EMA 5 + SMMA 21 + RSI + ADX + Volume...
2026-03-26 11:47:11,025 - httpx - INFO - HTTP Request: POST https://api.telegram.org/bot8787313826:AAH5BcKXf7xJjTpg48VIc0kZCHiDstzBeNY/getUpdates "HTTP/1.1 200 OK"
2026-03-26 11:47:21,227 - httpx - INFO - HTTP Request: POST https://api.telegram.org/bot8787313826:AAH5BcKXf7xJjTpg48VIc0kZCHiDstzBeNY/getUpdates "HTTP/1.1 200 OK"
2026-03-26 11:47:31,428 - httpx - INFO - HTTP Request: POST https://api.telegram.org/bot8787313826:AAH5BcKXf7xJjTpg48VIc0kZCHiDstzBeNY/getUpdates "HTTP/1.1 200 OK"
2026-03-26 11:47:41,631 - httpx - INFO - HTTP Request: POST https://api.telegram.org/bot8787313826:AAH5BcKXf7xJjTpg48VIc0kZCHiDstzBeNY/getUpdates "HTTP/1.1 200 OK"
2026-03-26 11:47:51,834 - httpx - INFO - HTTP Request: POST https://api.telegram.org/bot8787313826:AAH5BcKXf7xJjTpg48VIc0kZCHiDstzBeNY/getUpdates "HTTP/1.1 200 OK"
2026-03-26 11:48:00,998 - strategies.rsi_strategy - INFO - [RSIPro_ETH/USDT] Analisando RSI Pro + SMMA + Bandas de Bollinger + ADX + Volume...
2026-03-26 11:48:00,999 - strategies.ma_cross_strategy - INFO - [MACrossPro_ETH/USDT] A processar MA Cross Pro (EMA 5/13) + SMMA + RSI + ADX + Volume...
2026-03-26 11:48:00,999 - strategies.engulf_ma_strategy - INFO - [PriceActionPro_ETH/USDT] Analisando Price Action Pro + EMA 5 + SMMA 21 + RSI + ADX + Volume...
2026-03-26 11:48:00,999 - strategies.rsi_strategy - INFO - [RSIPro_XRP/USDT] Analisando RSI Pro + SMMA + Bandas de Bollinger + ADX + Volume...
2026-03-26 11:48:01,000 - strategies.ma_cross_strategy - INFO - [MACrossPro_XRP/USDT] A processar MA Cross Pro (EMA 5/13) + SMMA + RSI + ADX + Volume...
2026-03-26 11:48:01,000 - strategies.engulf_ma_strategy - INFO - [PriceActionPro_XRP/USDT] Analisando Price Action Pro + EMA 5 + SMMA 21 + RSI + ADX + Volume...
2026-03-26 11:48:01,000 - strategies.rsi_strategy - INFO - [RSIPro_SOL/USDT] Analisando RSI Pro + SMMA + Bandas de Bollinger + ADX + Volume...
2026-03-26 11:48:01,001 - strategies.ma_cross_strategy - INFO - [MACrossPro_SOL/USDT] A processar MA Cross Pro (EMA 5/13) + SMMA + RSI + ADX + Volume...
2026-03-26 11:48:01,001 - strategies.engulf_ma_strategy - INFO - [PriceActionPro_SOL/USDT] Analisando Price Action Pro + EMA 5 + SMMA 21 + RSI + ADX + Volume...
2026-03-26 11:48:02,034 - httpx - INFO - HTTP Request: POST https://api.telegram.org/bot8787313826:AAH5BcKXf7xJjTpg48VIc0kZCHiDstzBeNY/getUpdates "HTTP/1.1 200 OK"
2026-03-26 11:48:12,238 - httpx - INFO - HTTP Request: POST https://api.telegram.org/bot8787313826:AAH5BcKXf7xJjTpg48VIc0kZCHiDstzBeNY/getUpdates "HTTP/1.1 200 OK"
2026-03-26 11:48:22,440 - httpx - INFO - HTTP Request: POST https://api.telegram.org/bot8787313826:AAH5BcKXf7xJjTpg48VIc0kZCHiDstzBeNY/getUpdates "HTTP/1.1 200 OK"
2026-03-26 11:48:32,642 - httpx - INFO - HTTP Request: POST https://api.telegram.org/bot8787313826:AAH5BcKXf7xJjTpg48VIc0kZCHiDstzBeNY/getUpdates "HTTP/1.1 200 OK"
2026-03-26 11:48:42,844 - httpx - INFO - HTTP Request: POST https://api.telegram.org/bot8787313826:AAH5BcKXf7xJjTpg48VIc0kZCHiDstzBeNY/getUpdates "HTTP/1.1 200 OK"
2026-03-26 11:48:53,047 - httpx - INFO - HTTP Request: POST https://api.telegram.org/bot8787313826:AAH5BcKXf7xJjTpg48VIc0kZCHiDstzBeNY/getUpdates "HTTP/1.1 200 OK"
2026-03-26 11:49:00,996 - strategies.rsi_strategy - INFO - [RSIPro_XRP/USDT] Analisando RSI Pro + SMMA + Bandas de Bollinger + ADX + Volume...
2026-03-26 11:49:00,996 - strategies.ma_cross_strategy - INFO - [MACrossPro_XRP/USDT] A processar MA Cross Pro (EMA 5/13) + SMMA + RSI + ADX + Volume...
2026-03-26 11:49:00,997 - strategies.engulf_ma_strategy - INFO - [PriceActionPro_XRP/USDT] Analisando Price Action Pro + EMA 5 + SMMA 21 + RSI + ADX + Volume...
2026-03-26 11:49:00,997 - strategies.rsi_strategy - INFO - [RSIPro_ETH/USDT] Analisando RSI Pro + SMMA + Bandas de Bollinger + ADX + Volume...
2026-03-26 11:49:00,998 - strategies.ma_cross_strategy - INFO - [MACrossPro_ETH/USDT] A processar MA Cross Pro (EMA 5/13) + SMMA + RSI + ADX + Volume...
2026-03-26 11:49:00,998 - strategies.engulf_ma_strategy - INFO - [PriceActionPro_ETH/USDT] Analisando Price Action Pro + EMA 5 + SMMA 21 + RSI + ADX + Volume...
2026-03-26 11:49:00,999 - strategies.rsi_strategy - INFO - [RSIPro_SOL/USDT] Analisando RSI Pro + SMMA + Bandas de Bollinger + ADX + Volume...
2026-03-26 11:49:00,999 - strategies.ma_cross_strategy - INFO - [MACrossPro_SOL/USDT] A processar MA Cross Pro (EMA 5/13) + SMMA + RSI + ADX + Volume...
2026-03-26 11:49:00,999 - strategies.engulf_ma_strategy - INFO - [PriceActionPro_SOL/USDT] Analisando Price Action Pro + EMA 5 + SMMA 21 + RSI + ADX + Volume...
2026-03-26 11:49:03,260 - httpx - INFO - HTTP Request: POST https://api.telegram.org/bot8787313826:AAH5BcKXf7xJjTpg48VIc0kZCHiDstzBeNY/getUpdates "HTTP/1.1 200 OK"
2026-03-26 11:49:13,473 - httpx - INFO - HTTP Request: POST https://api.telegram.org/bot8787313826:AAH5BcKXf7xJjTpg48VIc0kZCHiDstzBeNY/getUpdates "HTTP/1.1 200 OK"
2026-03-26 11:49:23,680 - httpx - INFO - HTTP Request: POST https://api.telegram.org/bot8787313826:AAH5BcKXf7xJjTpg48VIc0kZCHiDstzBeNY/getUpdates "HTTP/1.1 200 OK"
2026-03-26 11:49:34,324 - httpx - INFO - HTTP Request: POST https://api.telegram.org/bot8787313826:AAH5BcKXf7xJjTpg48VIc0kZCHiDstzBeNY/getUpdates "HTTP/1.1 200 OK"
2026-03-26 11:49:44,526 - httpx - INFO - HTTP Request: POST https://api.telegram.org/bot8787313826:AAH5BcKXf7xJjTpg48VIc0kZCHiDstzBeNY/getUpdates "HTTP/1.1 200 OK"
2026-03-26 11:49:54,729 - httpx - INFO - HTTP Request: POST https://api.telegram.org/bot8787313826:AAH5BcKXf7xJjTpg48VIc0kZCHiDstzBeNY/getUpdates "HTTP/1.1 200 OK"
2026-03-26 11:50:01,007 - strategies.rsi_strategy - INFO - [RSIPro_XRP/USDT] Analisando RSI Pro + SMMA + Bandas de Bollinger + ADX + Volume...
2026-03-26 11:50:01,008 - strategies.ma_cross_strategy - INFO - [MACrossPro_XRP/USDT] A processar MA Cross Pro (EMA 5/13) + SMMA + RSI + ADX + Volume...
2026-03-26 11:50:01,008 - strategies.engulf_ma_strategy - INFO - [PriceActionPro_XRP/USDT] Analisando Price Action Pro + EMA 5 + SMMA 21 + RSI + ADX + Volume...
2026-03-26 11:50:01,008 - strategies.rsi_strategy - INFO - [RSIPro_SOL/USDT] Analisando RSI Pro + SMMA + Bandas de Bollinger + ADX + Volume...
2026-03-26 11:50:01,009 - strategies.ma_cross_strategy - INFO - [MACrossPro_SOL/USDT] A processar MA Cross Pro (EMA 5/13) + SMMA + RSI + ADX + Volume...
2026-03-26 11:50:01,009 - strategies.engulf_ma_strategy - INFO - [PriceActionPro_SOL/USDT] Analisando Price Action Pro + EMA 5 + SMMA 21 + RSI + ADX + Volume...
2026-03-26 11:50:01,010 - strategies.rsi_strategy - INFO - [RSIPro_ETH/USDT] Analisando RSI Pro + SMMA + Bandas de Bollinger + ADX + Volume...
2026-03-26 11:50:01,010 - strategies.ma_cross_strategy - INFO - [MACrossPro_ETH/USDT] A processar MA Cross Pro (EMA 5/13) + SMMA + RSI + ADX + Volume...
2026-03-26 11:50:01,010 - strategies.engulf_ma_strategy - INFO - [PriceActionPro_ETH/USDT] Analisando Price Action Pro + EMA 5 + SMMA 21 + RSI + ADX + Volume...
2026-03-26 11:50:04,932 - httpx - INFO - HTTP Request: POST https://api.telegram.org/bot8787313826:AAH5BcKXf7xJjTpg48VIc0kZCHiDstzBeNY/getUpdates "HTTP/1.1 200 OK"
2026-03-26 11:50:15,599 - httpx - INFO - HTTP Request: POST https://api.telegram.org/bot8787313826:AAH5BcKXf7xJjTpg48VIc0kZCHiDstzBeNY/getUpdates "HTTP/1.1 200 OK"
2026-03-26 11:50:25,812 - httpx - INFO - HTTP Request: POST https://api.telegram.org/bot8787313826:AAH5BcKXf7xJjTpg48VIc0kZCHiDstzBeNY/getUpdates "HTTP/1.1 200 OK"
2026-03-26 11:50:36,025 - httpx - INFO - HTTP Request: POST https://api.telegram.org/bot8787313826:AAH5BcKXf7xJjTpg48VIc0kZCHiDstzBeNY/getUpdates "HTTP/1.1 200 OK"
2026-03-26 11:50:46,236 - httpx - INFO - HTTP Request: POST https://api.telegram.org/bot8787313826:AAH5BcKXf7xJjTpg48VIc0kZCHiDstzBeNY/getUpdates "HTTP/1.1 200 OK"
2026-03-26 11:50:56,466 - httpx - INFO - HTTP Request: POST https://api.telegram.org/bot8787313826:AAH5BcKXf7xJjTpg48VIc0kZCHiDstzBeNY/getUpdates "HTTP/1.1 200 OK"
2026-03-26 11:51:01,001 - strategies.rsi_strategy - INFO - [RSIPro_ETH/USDT] Analisando RSI Pro + SMMA + Bandas de Bollinger + ADX + Volume...
2026-03-26 11:51:01,002 - strategies.ma_cross_strategy - INFO - [MACrossPro_ETH/USDT] A processar MA Cross Pro (EMA 5/13) + SMMA + RSI + ADX + Volume...
2026-03-26 11:51:01,002 - strategies.engulf_ma_strategy - INFO - [PriceActionPro_ETH/USDT] Analisando Price Action Pro + EMA 5 + SMMA 21 + RSI + ADX + Volume...
2026-03-26 11:51:01,002 - strategies.rsi_strategy - INFO - [RSIPro_SOL/USDT] Analisando RSI Pro + SMMA + Bandas de Bollinger + ADX + Volume...
2026-03-26 11:51:01,003 - strategies.ma_cross_strategy - INFO - [MACrossPro_SOL/USDT] A processar MA Cross Pro (EMA 5/13) + SMMA + RSI + ADX + Volume...
2026-03-26 11:51:01,003 - strategies.engulf_ma_strategy - INFO - [PriceActionPro_SOL/USDT] Analisando Price Action Pro + EMA 5 + SMMA 21 + RSI + ADX + Volume...
2026-03-26 11:51:01,004 - strategies.rsi_strategy - INFO - [RSIPro_XRP/USDT] Analisando RSI Pro + SMMA + Bandas de Bollinger + ADX + Volume...
2026-03-26 11:51:01,004 - strategies.ma_cross_strategy - INFO - [MACrossPro_XRP/USDT] A processar MA Cross Pro (EMA 5/13) + SMMA + RSI + ADX + Volume...
2026-03-26 11:51:01,004 - strategies.engulf_ma_strategy - INFO - [PriceActionPro_XRP/USDT] Analisando Price Action Pro + EMA 5 + SMMA 21 + RSI + ADX + Volume...
2026-03-26 11:51:06,679 - httpx - INFO - HTTP Request: POST https://api.telegram.org/bot8787313826:AAH5BcKXf7xJjTpg48VIc0kZCHiDstzBeNY/getUpdates "HTTP/1.1 200 OK"
2026-03-26 11:51:16,892 - httpx - INFO - HTTP Request: POST https://api.telegram.org/bot8787313826:AAH5BcKXf7xJjTpg48VIc0kZCHiDstzBeNY/getUpdates "HTTP/1.1 200 OK"
2026-03-26 11:51:27,114 - httpx - INFO - HTTP Request: POST https://api.telegram.org/bot8787313826:AAH5BcKXf7xJjTpg48VIc0kZCHiDstzBeNY/getUpdates "HTTP/1.1 200 OK"
2026-03-26 11:51:37,443 - httpx - INFO - HTTP Request: POST https://api.telegram.org/bot8787313826:AAH5BcKXf7xJjTpg48VIc0kZCHiDstzBeNY/getUpdates "HTTP/1.1 200 OK"
2026-03-26 11:51:47,662 - httpx - INFO - HTTP Request: POST https://api.telegram.org/bot8787313826:AAH5BcKXf7xJjTpg48VIc0kZCHiDstzBeNY/getUpdates "HTTP/1.1 200 OK"
2026-03-26 11:51:57,880 - httpx - INFO - HTTP Request: POST https://api.telegram.org/bot8787313826:AAH5BcKXf7xJjTpg48VIc0kZCHiDstzBeNY/getUpdates "HTTP/1.1 200 OK"
2026-03-26 11:52:01,000 - strategies.rsi_strategy - INFO - [RSIPro_SOL/USDT] Analisando RSI Pro + SMMA + Bandas de Bollinger + ADX + Volume...
2026-03-26 11:52:01,001 - strategies.ma_cross_strategy - INFO - [MACrossPro_SOL/USDT] A processar MA Cross Pro (EMA 5/13) + SMMA + RSI + ADX + Volume...
2026-03-26 11:52:01,004 - strategies.engulf_ma_strategy - INFO - [PriceActionPro_SOL/USDT] Analisando Price Action Pro + EMA 5 + SMMA 21 + RSI + ADX + Volume...
2026-03-26 11:52:01,005 - strategies.rsi_strategy - INFO - [RSIPro_XRP/USDT] Analisando RSI Pro + SMMA + Bandas de Bollinger + ADX + Volume...
2026-03-26 11:52:01,005 - strategies.ma_cross_strategy - INFO - [MACrossPro_XRP/USDT] A processar MA Cross Pro (EMA 5/13) + SMMA + RSI + ADX + Volume...
2026-03-26 11:52:01,006 - strategies.engulf_ma_strategy - INFO - [PriceActionPro_XRP/USDT] Analisando Price Action Pro + EMA 5 + SMMA 21 + RSI + ADX + Volume...
2026-03-26 11:52:01,006 - strategies.rsi_strategy - INFO - [RSIPro_ETH/USDT] Analisando RSI Pro + SMMA + Bandas de Bollinger + ADX + Volume...
2026-03-26 11:52:01,006 - strategies.ma_cross_strategy - INFO - [MACrossPro_ETH/USDT] A processar MA Cross Pro (EMA 5/13) + SMMA + RSI + ADX + Volume...
2026-03-26 11:52:01,007 - strategies.engulf_ma_strategy - INFO - [PriceActionPro_ETH/USDT] Analisando Price Action Pro + EMA 5 + SMMA 21 + RSI + ADX + Volume...
2026-03-26 11:52:08,083 - httpx - INFO - HTTP Request: POST https://api.telegram.org/bot8787313826:AAH5BcKXf7xJjTpg48VIc0kZCHiDstzBeNY/getUpdates "HTTP/1.1 200 OK"
2026-03-26 11:52:18,287 - httpx - INFO - HTTP Request: POST https://api.telegram.org/bot8787313826:AAH5BcKXf7xJjTpg48VIc0kZCHiDstzBeNY/getUpdates "HTTP/1.1 200 OK"
2026-03-26 11:52:28,489 - httpx - INFO - HTTP Request: POST https://api.telegram.org/bot8787313826:AAH5BcKXf7xJjTpg48VIc0kZCHiDstzBeNY/getUpdates "HTTP/1.1 200 OK"
2026-03-26 11:52:39,572 - httpx - INFO - HTTP Request: POST https://api.telegram.org/bot8787313826:AAH5BcKXf7xJjTpg48VIc0kZCHiDstzBeNY/getUpdates "HTTP/1.1 200 OK"
2026-03-26 11:52:50,600 - httpx - INFO - HTTP Request: POST https://api.telegram.org/bot8787313826:AAH5BcKXf7xJjTpg48VIc0kZCHiDstzBeNY/getUpdates "HTTP/1.1 200 OK"
2026-03-26 11:53:00,811 - httpx - INFO - HTTP Request: POST https://api.telegram.org/bot8787313826:AAH5BcKXf7xJjTpg48VIc0kZCHiDstzBeNY/getUpdates "HTTP/1.1 200 OK"
2026-03-26 11:53:00,994 - strategies.rsi_strategy - INFO - [RSIPro_XRP/USDT] Analisando RSI Pro + SMMA + Bandas de Bollinger + ADX + Volume...
2026-03-26 11:53:00,995 - strategies.ma_cross_strategy - INFO - [MACrossPro_XRP/USDT] A processar MA Cross Pro (EMA 5/13) + SMMA + RSI + ADX + Volume...
2026-03-26 11:53:00,995 - strategies.engulf_ma_strategy - INFO - [PriceActionPro_XRP/USDT] Analisando Price Action Pro + EMA 5 + SMMA 21 + RSI + ADX + Volume...
2026-03-26 11:53:00,997 - strategies.rsi_strategy - INFO - [RSIPro_SOL/USDT] Analisando RSI Pro + SMMA + Bandas de Bollinger + ADX + Volume...
2026-03-26 11:53:00,998 - strategies.ma_cross_strategy - INFO - [MACrossPro_SOL/USDT] A processar MA Cross Pro (EMA 5/13) + SMMA + RSI + ADX + Volume...
2026-03-26 11:53:00,998 - strategies.engulf_ma_strategy - INFO - [PriceActionPro_SOL/USDT] Analisando Price Action Pro + EMA 5 + SMMA 21 + RSI + ADX + Volume...
2026-03-26 11:53:00,998 - strategies.rsi_strategy - INFO - [RSIPro_ETH/USDT] Analisando RSI Pro + SMMA + Bandas de Bollinger + ADX + Volume...
2026-03-26 11:53:00,999 - strategies.ma_cross_strategy - INFO - [MACrossPro_ETH/USDT] A processar MA Cross Pro (EMA 5/13) + SMMA + RSI + ADX + Volume...
2026-03-26 11:53:00,999 - strategies.engulf_ma_strategy - INFO - [PriceActionPro_ETH/USDT] Analisando Price Action Pro + EMA 5 + SMMA 21 + RSI + ADX + Volume...
2026-03-26 11:53:11,049 - httpx - INFO - HTTP Request: POST https://api.telegram.org/bot8787313826:AAH5BcKXf7xJjTpg48VIc0kZCHiDstzBeNY/getUpdates "HTTP/1.1 200 OK"
2026-03-26 11:53:21,271 - httpx - INFO - HTTP Request: POST https://api.telegram.org/bot8787313826:AAH5BcKXf7xJjTpg48VIc0kZCHiDstzBeNY/getUpdates "HTTP/1.1 200 OK"
2026-03-26 11:53:31,474 - httpx - INFO - HTTP Request: POST https://api.telegram.org/bot8787313826:AAH5BcKXf7xJjTpg48VIc0kZCHiDstzBeNY/getUpdates "HTTP/1.1 200 OK"
2026-03-26 11:53:41,711 - httpx - INFO - HTTP Request: POST https://api.telegram.org/bot8787313826:AAH5BcKXf7xJjTpg48VIc0kZCHiDstzBeNY/getUpdates "HTTP/1.1 200 OK"
2026-03-26 11:53:51,920 - httpx - INFO - HTTP Request: POST https://api.telegram.org/bot8787313826:AAH5BcKXf7xJjTpg48VIc0kZCHiDstzBeNY/getUpdates "HTTP/1.1 200 OK"
2026-03-26 11:54:00,992 - strategies.rsi_strategy - INFO - [RSIPro_SOL/USDT] Analisando RSI Pro + SMMA + Bandas de Bollinger + ADX + Volume...
2026-03-26 11:54:00,993 - strategies.ma_cross_strategy - INFO - [MACrossPro_SOL/USDT] A processar MA Cross Pro (EMA 5/13) + SMMA + RSI + ADX + Volume...
2026-03-26 11:54:00,993 - strategies.engulf_ma_strategy - INFO - [PriceActionPro_SOL/USDT] Analisando Price Action Pro + EMA 5 + SMMA 21 + RSI + ADX + Volume...
2026-03-26 11:54:00,993 - strategies.rsi_strategy - INFO - [RSIPro_ETH/USDT] Analisando RSI Pro + SMMA + Bandas de Bollinger + ADX + Volume...
2026-03-26 11:54:00,994 - strategies.ma_cross_strategy - INFO - [MACrossPro_ETH/USDT] A processar MA Cross Pro (EMA 5/13) + SMMA + RSI + ADX + Volume...
2026-03-26 11:54:00,994 - strategies.engulf_ma_strategy - INFO - [PriceActionPro_ETH/USDT] Analisando Price Action Pro + EMA 5 + SMMA 21 + RSI + ADX + Volume...
2026-03-26 11:54:00,995 - strategies.rsi_strategy - INFO - [RSIPro_XRP/USDT] Analisando RSI Pro + SMMA + Bandas de Bollinger + ADX + Volume...
2026-03-26 11:54:00,995 - strategies.ma_cross_strategy - INFO - [MACrossPro_XRP/USDT] A processar MA Cross Pro (EMA 5/13) + SMMA + RSI + ADX + Volume...
2026-03-26 11:54:00,995 - strategies.engulf_ma_strategy - INFO - [PriceActionPro_XRP/USDT] Analisando Price Action Pro + EMA 5 + SMMA 21 + RSI + ADX + Volume...
2026-03-26 11:54:02,132 - httpx - INFO - HTTP Request: POST https://api.telegram.org/bot8787313826:AAH5BcKXf7xJjTpg48VIc0kZCHiDstzBeNY/getUpdates "HTTP/1.1 200 OK"
2026-03-26 11:54:12,333 - httpx - INFO - HTTP Request: POST https://api.telegram.org/bot8787313826:AAH5BcKXf7xJjTpg48VIc0kZCHiDstzBeNY/getUpdates "HTTP/1.1 200 OK"
2026-03-26 11:54:23,012 - httpx - INFO - HTTP Request: POST https://api.telegram.org/bot8787313826:AAH5BcKXf7xJjTpg48VIc0kZCHiDstzBeNY/getUpdates "HTTP/1.1 200 OK"
2026-03-26 11:54:33,222 - httpx - INFO - HTTP Request: POST https://api.telegram.org/bot8787313826:AAH5BcKXf7xJjTpg48VIc0kZCHiDstzBeNY/getUpdates "HTTP/1.1 200 OK"
2026-03-26 11:54:43,425 - httpx - INFO - HTTP Request: POST https://api.telegram.org/bot8787313826:AAH5BcKXf7xJjTpg48VIc0kZCHiDstzBeNY/getUpdates "HTTP/1.1 200 OK"
2026-03-26 11:54:53,627 - httpx - INFO - HTTP Request: POST https://api.telegram.org/bot8787313826:AAH5BcKXf7xJjTpg48VIc0kZCHiDstzBeNY/getUpdates "HTTP/1.1 200 OK"
2026-03-26 11:55:00,994 - strategies.rsi_strategy - INFO - [RSIPro_XRP/USDT] Analisando RSI Pro + SMMA + Bandas de Bollinger + ADX + Volume...
2026-03-26 11:55:00,994 - strategies.ma_cross_strategy - INFO - [MACrossPro_XRP/USDT] A processar MA Cross Pro (EMA 5/13) + SMMA + RSI + ADX + Volume...
2026-03-26 11:55:00,995 - strategies.engulf_ma_strategy - INFO - [PriceActionPro_XRP/USDT] Analisando Price Action Pro + EMA 5 + SMMA 21 + RSI + ADX + Volume...
2026-03-26 11:55:00,995 - strategies.rsi_strategy - INFO - [RSIPro_SOL/USDT] Analisando RSI Pro + SMMA + Bandas de Bollinger + ADX + Volume...
2026-03-26 11:55:00,996 - strategies.ma_cross_strategy - INFO - [MACrossPro_SOL/USDT] A processar MA Cross Pro (EMA 5/13) + SMMA + RSI + ADX + Volume...
2026-03-26 11:55:00,996 - strategies.engulf_ma_strategy - INFO - [PriceActionPro_SOL/USDT] Analisando Price Action Pro + EMA 5 + SMMA 21 + RSI + ADX + Volume...
2026-03-26 11:55:00,996 - strategies.rsi_strategy - INFO - [RSIPro_ETH/USDT] Analisando RSI Pro + SMMA + Bandas de Bollinger + ADX + Volume...
2026-03-26 11:55:00,997 - strategies.ma_cross_strategy - INFO - [MACrossPro_ETH/USDT] A processar MA Cross Pro (EMA 5/13) + SMMA + RSI + ADX + Volume...
2026-03-26 11:55:00,997 - strategies.engulf_ma_strategy - INFO - [PriceActionPro_ETH/USDT] Analisando Price Action Pro + EMA 5 + SMMA 21 + RSI + ADX + Volume...
2026-03-26 11:55:51,496 - httpx - INFO - HTTP Request: POST https://api.telegram.org/bot8787313826:AAH5BcKXf7xJjTpg48VIc0kZCHiDstzBeNY/getUpdates "HTTP/1.1 200 OK"
2026-03-26 11:56:00,996 - strategies.rsi_strategy - INFO - [RSIPro_XRP/USDT] Analisando RSI Pro + SMMA + Bandas de Bollinger + ADX + Volume...
2026-03-26 11:56:00,999 - strategies.ma_cross_strategy - INFO - [MACrossPro_XRP/USDT] A processar MA Cross Pro (EMA 5/13) + SMMA + RSI + ADX + Volume...
2026-03-26 11:56:01,001 - strategies.engulf_ma_strategy - INFO - [PriceActionPro_XRP/USDT] Analisando Price Action Pro + EMA 5 + SMMA 21 + RSI + ADX + Volume...
2026-03-26 11:56:01,002 - strategies.rsi_strategy - INFO - [RSIPro_SOL/USDT] Analisando RSI Pro + SMMA + Bandas de Bollinger + ADX + Volume...
2026-03-26 11:56:01,003 - strategies.ma_cross_strategy - INFO - [MACrossPro_SOL/USDT] A processar MA Cross Pro (EMA 5/13) + SMMA + RSI + ADX + Volume...
2026-03-26 11:56:01,004 - strategies.engulf_ma_strategy - INFO - [PriceActionPro_SOL/USDT] Analisando Price Action Pro + EMA 5 + SMMA 21 + RSI + ADX + Volume...
2026-03-26 11:56:01,004 - strategies.rsi_strategy - INFO - [RSIPro_ETH/USDT] Analisando RSI Pro + SMMA + Bandas de Bollinger + ADX + Volume...
2026-03-26 11:56:01,004 - strategies.ma_cross_strategy - INFO - [MACrossPro_ETH/USDT] A processar MA Cross Pro (EMA 5/13) + SMMA + RSI + ADX + Volume...
2026-03-26 11:56:01,005 - strategies.engulf_ma_strategy - INFO - [PriceActionPro_ETH/USDT] Analisando Price Action Pro + EMA 5 + SMMA 21 + RSI + ADX + Volume...
2026-03-26 11:56:03,018 - httpx - INFO - HTTP Request: POST https://api.telegram.org/bot8787313826:AAH5BcKXf7xJjTpg48VIc0kZCHiDstzBeNY/getUpdates "HTTP/1.1 200 OK"
2026-03-26 11:56:13,256 - httpx - INFO - HTTP Request: POST https://api.telegram.org/bot8787313826:AAH5BcKXf7xJjTpg48VIc0kZCHiDstzBeNY/getUpdates "HTTP/1.1 200 OK"
2026-03-26 11:56:23,489 - httpx - INFO - HTTP Request: POST https://api.telegram.org/bot8787313826:AAH5BcKXf7xJjTpg48VIc0kZCHiDstzBeNY/getUpdates "HTTP/1.1 200 OK"
2026-03-26 11:56:33,719 - httpx - INFO - HTTP Request: POST https://api.telegram.org/bot8787313826:AAH5BcKXf7xJjTpg48VIc0kZCHiDstzBeNY/getUpdates "HTTP/1.1 200 OK"
2026-03-26 11:56:44,487 - httpx - INFO - HTTP Request: POST https://api.telegram.org/bot8787313826:AAH5BcKXf7xJjTpg48VIc0kZCHiDstzBeNY/getUpdates "HTTP/1.1 200 OK"
2026-03-26 11:56:54,725 - httpx - INFO - HTTP Request: POST https://api.telegram.org/bot8787313826:AAH5BcKXf7xJjTpg48VIc0kZCHiDstzBeNY/getUpdates "HTTP/1.1 200 OK"
2026-03-26 11:57:01,009 - strategies.rsi_strategy - INFO - [RSIPro_ETH/USDT] Analisando RSI Pro + SMMA + Bandas de Bollinger + ADX + Volume...
2026-03-26 11:57:01,009 - strategies.ma_cross_strategy - INFO - [MACrossPro_ETH/USDT] A processar MA Cross Pro (EMA 5/13) + SMMA + RSI + ADX + Volume...
2026-03-26 11:57:01,010 - strategies.engulf_ma_strategy - INFO - [PriceActionPro_ETH/USDT] Analisando Price Action Pro + EMA 5 + SMMA 21 + RSI + ADX + Volume...
2026-03-26 11:57:01,010 - strategies.rsi_strategy - INFO - [RSIPro_XRP/USDT] Analisando RSI Pro + SMMA + Bandas de Bollinger + ADX + Volume...
2026-03-26 11:57:01,011 - strategies.ma_cross_strategy - INFO - [MACrossPro_XRP/USDT] A processar MA Cross Pro (EMA 5/13) + SMMA + RSI + ADX + Volume...
2026-03-26 11:57:01,011 - strategies.engulf_ma_strategy - INFO - [PriceActionPro_XRP/USDT] Analisando Price Action Pro + EMA 5 + SMMA 21 + RSI + ADX + Volume...
2026-03-26 11:57:01,011 - strategies.rsi_strategy - INFO - [RSIPro_SOL/USDT] Analisando RSI Pro + SMMA + Bandas de Bollinger + ADX + Volume...
2026-03-26 11:57:01,012 - strategies.ma_cross_strategy - INFO - [MACrossPro_SOL/USDT] A processar MA Cross Pro (EMA 5/13) + SMMA + RSI + ADX + Volume...
2026-03-26 11:57:01,012 - strategies.engulf_ma_strategy - INFO - [PriceActionPro_SOL/USDT] Analisando Price Action Pro + EMA 5 + SMMA 21 + RSI + ADX + Volume...
2026-03-26 11:57:04,929 - httpx - INFO - HTTP Request: POST https://api.telegram.org/bot8787313826:AAH5BcKXf7xJjTpg48VIc0kZCHiDstzBeNY/getUpdates "HTTP/1.1 200 OK"
2026-03-26 11:57:15,129 - httpx - INFO - HTTP Request: POST https://api.telegram.org/bot8787313826:AAH5BcKXf7xJjTpg48VIc0kZCHiDstzBeNY/getUpdates "HTTP/1.1 200 OK"
2026-03-26 11:57:25,332 - httpx - INFO - HTTP Request: POST https://api.telegram.org/bot8787313826:AAH5BcKXf7xJjTpg48VIc0kZCHiDstzBeNY/getUpdates "HTTP/1.1 200 OK"
2026-03-26 11:57:35,546 - httpx - INFO - HTTP Request: POST https://api.telegram.org/bot8787313826:AAH5BcKXf7xJjTpg48VIc0kZCHiDstzBeNY/getUpdates "HTTP/1.1 200 OK"
2026-03-26 11:57:45,759 - httpx - INFO - HTTP Request: POST https://api.telegram.org/bot8787313826:AAH5BcKXf7xJjTpg48VIc0kZCHiDstzBeNY/getUpdates "HTTP/1.1 200 OK"
2026-03-26 11:57:55,962 - httpx - INFO - HTTP Request: POST https://api.telegram.org/bot8787313826:AAH5BcKXf7xJjTpg48VIc0kZCHiDstzBeNY/getUpdates "HTTP/1.1 200 OK"
2026-03-26 11:58:00,997 - strategies.rsi_strategy - INFO - [RSIPro_XRP/USDT] Analisando RSI Pro + SMMA + Bandas de Bollinger + ADX + Volume...
2026-03-26 11:58:00,997 - strategies.ma_cross_strategy - INFO - [MACrossPro_XRP/USDT] A processar MA Cross Pro (EMA 5/13) + SMMA + RSI + ADX + Volume...
2026-03-26 11:58:00,998 - strategies.engulf_ma_strategy - INFO - [PriceActionPro_XRP/USDT] Analisando Price Action Pro + EMA 5 + SMMA 21 + RSI + ADX + Volume...
2026-03-26 11:58:00,999 - strategies.rsi_strategy - INFO - [RSIPro_ETH/USDT] Analisando RSI Pro + SMMA + Bandas de Bollinger + ADX + Volume...
2026-03-26 11:58:01,002 - strategies.ma_cross_strategy - INFO - [MACrossPro_ETH/USDT] A processar MA Cross Pro (EMA 5/13) + SMMA + RSI + ADX + Volume...
2026-03-26 11:58:01,002 - strategies.engulf_ma_strategy - INFO - [PriceActionPro_ETH/USDT] Analisando Price Action Pro + EMA 5 + SMMA 21 + RSI + ADX + Volume...
2026-03-26 11:58:01,002 - strategies.rsi_strategy - INFO - [RSIPro_SOL/USDT] Analisando RSI Pro + SMMA + Bandas de Bollinger + ADX + Volume...
2026-03-26 11:58:01,003 - strategies.ma_cross_strategy - INFO - [MACrossPro_SOL/USDT] A processar MA Cross Pro (EMA 5/13) + SMMA + RSI + ADX + Volume...
2026-03-26 11:58:01,003 - strategies.engulf_ma_strategy - INFO - [PriceActionPro_SOL/USDT] Analisando Price Action Pro + EMA 5 + SMMA 21 + RSI + ADX + Volume...
2026-03-26 11:58:07,051 - httpx - INFO - HTTP Request: POST https://api.telegram.org/bot8787313826:AAH5BcKXf7xJjTpg48VIc0kZCHiDstzBeNY/getUpdates "HTTP/1.1 200 OK"
2026-03-26 11:58:17,253 - httpx - INFO - HTTP Request: POST https://api.telegram.org/bot8787313826:AAH5BcKXf7xJjTpg48VIc0kZCHiDstzBeNY/getUpdates "HTTP/1.1 200 OK"
2026-03-26 11:58:27,463 - httpx - INFO - HTTP Request: POST https://api.telegram.org/bot8787313826:AAH5BcKXf7xJjTpg48VIc0kZCHiDstzBeNY/getUpdates "HTTP/1.1 200 OK"
2026-03-26 11:58:37,680 - httpx - INFO - HTTP Request: POST https://api.telegram.org/bot8787313826:AAH5BcKXf7xJjTpg48VIc0kZCHiDstzBeNY/getUpdates "HTTP/1.1 200 OK"
2026-03-26 11:58:47,921 - httpx - INFO - HTTP Request: POST https://api.telegram.org/bot8787313826:AAH5BcKXf7xJjTpg48VIc0kZCHiDstzBeNY/getUpdates "HTTP/1.1 200 OK"
2026-03-26 11:58:58,204 - httpx - INFO - HTTP Request: POST https://api.telegram.org/bot8787313826:AAH5BcKXf7xJjTpg48VIc0kZCHiDstzBeNY/getUpdates "HTTP/1.1 200 OK"
2026-03-26 11:59:01,000 - strategies.rsi_strategy - INFO - [RSIPro_ETH/USDT] Analisando RSI Pro + SMMA + Bandas de Bollinger + ADX + Volume...
2026-03-26 11:59:01,001 - strategies.ma_cross_strategy - INFO - [MACrossPro_ETH/USDT] A processar MA Cross Pro (EMA 5/13) + SMMA + RSI + ADX + Volume...
2026-03-26 11:59:01,003 - strategies.engulf_ma_strategy - INFO - [PriceActionPro_ETH/USDT] Analisando Price Action Pro + EMA 5 + SMMA 21 + RSI + ADX + Volume...
2026-03-26 11:59:01,004 - strategies.rsi_strategy - INFO - [RSIPro_SOL/USDT] Analisando RSI Pro + SMMA + Bandas de Bollinger + ADX + Volume...
2026-03-26 11:59:01,004 - strategies.ma_cross_strategy - INFO - [MACrossPro_SOL/USDT] A processar MA Cross Pro (EMA 5/13) + SMMA + RSI + ADX + Volume...
2026-03-26 11:59:01,005 - strategies.engulf_ma_strategy - INFO - [PriceActionPro_SOL/USDT] Analisando Price Action Pro + EMA 5 + SMMA 21 + RSI + ADX + Volume...
2026-03-26 11:59:01,005 - strategies.rsi_strategy - INFO - [RSIPro_XRP/USDT] Analisando RSI Pro + SMMA + Bandas de Bollinger + ADX + Volume...
2026-03-26 11:59:01,005 - strategies.ma_cross_strategy - INFO - [MACrossPro_XRP/USDT] A processar MA Cross Pro (EMA 5/13) + SMMA + RSI + ADX + Volume...
2026-03-26 11:59:01,006 - strategies.engulf_ma_strategy - INFO - [PriceActionPro_XRP/USDT] Analisando Price Action Pro + EMA 5 + SMMA 21 + RSI + ADX + Volume...
2026-03-26 11:59:08,406 - httpx - INFO - HTTP Request: POST https://api.telegram.org/bot8787313826:AAH5BcKXf7xJjTpg48VIc0kZCHiDstzBeNY/getUpdates "HTTP/1.1 200 OK"
2026-03-26 11:59:18,645 - httpx - INFO - HTTP Request: POST https://api.telegram.org/bot8787313826:AAH5BcKXf7xJjTpg48VIc0kZCHiDstzBeNY/getUpdates "HTTP/1.1 200 OK"
2026-03-26 11:59:28,884 - httpx - INFO - HTTP Request: POST https://api.telegram.org/bot8787313826:AAH5BcKXf7xJjTpg48VIc0kZCHiDstzBeNY/getUpdates "HTTP/1.1 200 OK"
2026-03-26 11:59:39,120 - httpx - INFO - HTTP Request: POST https://api.telegram.org/bot8787313826:AAH5BcKXf7xJjTpg48VIc0kZCHiDstzBeNY/getUpdates "HTTP/1.1 200 OK"
2026-03-26 11:59:49,358 - httpx - INFO - HTTP Request: POST https://api.telegram.org/bot8787313826:AAH5BcKXf7xJjTpg48VIc0kZCHiDstzBeNY/getUpdates "HTTP/1.1 200 OK"
2026-03-26 11:59:59,569 - httpx - INFO - HTTP Request: POST https://api.telegram.org/bot8787313826:AAH5BcKXf7xJjTpg48VIc0kZCHiDstzBeNY/getUpdates "HTTP/1.1 200 OK"
2026-03-26 12:00:01,002 - strategies.rsi_strategy - INFO - [RSIPro_ETH/USDT] Analisando RSI Pro + SMMA + Bandas de Bollinger + ADX + Volume...
2026-03-26 12:00:01,002 - strategies.ma_cross_strategy - INFO - [MACrossPro_ETH/USDT] A processar MA Cross Pro (EMA 5/13) + SMMA + RSI + ADX + Volume...
2026-03-26 12:00:01,003 - strategies.engulf_ma_strategy - INFO - [PriceActionPro_ETH/USDT] Analisando Price Action Pro + EMA 5 + SMMA 21 + RSI + ADX + Volume...
2026-03-26 12:00:01,003 - strategies.rsi_strategy - INFO - [RSIPro_SOL/USDT] Analisando RSI Pro + SMMA + Bandas de Bollinger + ADX + Volume...
2026-03-26 12:00:01,003 - strategies.ma_cross_strategy - INFO - [MACrossPro_SOL/USDT] A processar MA Cross Pro (EMA 5/13) + SMMA + RSI + ADX + Volume...
2026-03-26 12:00:01,004 - strategies.engulf_ma_strategy - INFO - [PriceActionPro_SOL/USDT] Analisando Price Action Pro + EMA 5 + SMMA 21 + RSI + ADX + Volume...
2026-03-26 12:00:01,004 - strategies.rsi_strategy - INFO - [RSIPro_XRP/USDT] Analisando RSI Pro + SMMA + Bandas de Bollinger + ADX + Volume...
2026-03-26 12:00:01,004 - strategies.ma_cross_strategy - INFO - [MACrossPro_XRP/USDT] A processar MA Cross Pro (EMA 5/13) + SMMA + RSI + ADX + Volume...
2026-03-26 12:00:01,006 - strategies.engulf_ma_strategy - INFO - [PriceActionPro_XRP/USDT] Analisando Price Action Pro + EMA 5 + SMMA 21 + RSI + ADX + Volume...
2026-03-26 12:00:31,024 - httpx - INFO - HTTP Request: POST https://api.telegram.org/bot8787313826:AAH5BcKXf7xJjTpg48VIc0kZCHiDstzBeNY/getUpdates "HTTP/1.1 200 OK"
2026-03-26 12:00:41,260 - httpx - INFO - HTTP Request: POST https://api.telegram.org/bot8787313826:AAH5BcKXf7xJjTpg48VIc0kZCHiDstzBeNY/getUpdates "HTTP/1.1 200 OK"
2026-03-26 12:00:51,461 - httpx - INFO - HTTP Request: POST https://api.telegram.org/bot8787313826:AAH5BcKXf7xJjTpg48VIc0kZCHiDstzBeNY/getUpdates "HTTP/1.1 200 OK"
2026-03-26 12:01:00,995 - strategies.rsi_strategy - INFO - [RSIPro_ETH/USDT] Analisando RSI Pro + SMMA + Bandas de Bollinger + ADX + Volume...
2026-03-26 12:01:00,995 - strategies.ma_cross_strategy - INFO - [MACrossPro_ETH/USDT] A processar MA Cross Pro (EMA 5/13) + SMMA + RSI + ADX + Volume...
2026-03-26 12:01:01,003 - strategies.engulf_ma_strategy - INFO - [PriceActionPro_ETH/USDT] Analisando Price Action Pro + EMA 5 + SMMA 21 + RSI + ADX + Volume...
2026-03-26 12:01:01,004 - strategies.rsi_strategy - INFO - [RSIPro_SOL/USDT] Analisando RSI Pro + SMMA + Bandas de Bollinger + ADX + Volume...
2026-03-26 12:01:01,004 - strategies.ma_cross_strategy - INFO - [MACrossPro_SOL/USDT] A processar MA Cross Pro (EMA 5/13) + SMMA + RSI + ADX + Volume...
2026-03-26 12:01:01,004 - strategies.engulf_ma_strategy - INFO - [PriceActionPro_SOL/USDT] Analisando Price Action Pro + EMA 5 + SMMA 21 + RSI + ADX + Volume...
2026-03-26 12:01:01,005 - strategies.rsi_strategy - INFO - [RSIPro_XRP/USDT] Analisando RSI Pro + SMMA + Bandas de Bollinger + ADX + Volume...
2026-03-26 12:01:01,006 - strategies.ma_cross_strategy - INFO - [MACrossPro_XRP/USDT] A processar MA Cross Pro (EMA 5/13) + SMMA + RSI + ADX + Volume...
2026-03-26 12:01:01,007 - strategies.engulf_ma_strategy - INFO - [PriceActionPro_XRP/USDT] Analisando Price Action Pro + EMA 5 + SMMA 21 + RSI + ADX + Volume...
2026-03-26 12:01:01,765 - httpx - INFO - HTTP Request: POST https://api.telegram.org/bot8787313826:AAH5BcKXf7xJjTpg48VIc0kZCHiDstzBeNY/getUpdates "HTTP/1.1 200 OK"
2026-03-26 12:01:11,972 - httpx - INFO - HTTP Request: POST https://api.telegram.org/bot8787313826:AAH5BcKXf7xJjTpg48VIc0kZCHiDstzBeNY/getUpdates "HTTP/1.1 200 OK"
2026-03-26 12:01:22,174 - httpx - INFO - HTTP Request: POST https://api.telegram.org/bot8787313826:AAH5BcKXf7xJjTpg48VIc0kZCHiDstzBeNY/getUpdates "HTTP/1.1 200 OK"
2026-03-26 12:01:32,418 - httpx - INFO - HTTP Request: POST https://api.telegram.org/bot8787313826:AAH5BcKXf7xJjTpg48VIc0kZCHiDstzBeNY/getUpdates "HTTP/1.1 200 OK"
2026-03-26 12:01:42,674 - httpx - INFO - HTTP Request: POST https://api.telegram.org/bot8787313826:AAH5BcKXf7xJjTpg48VIc0kZCHiDstzBeNY/getUpdates "HTTP/1.1 200 OK"
2026-03-26 12:01:53,419 - httpx - INFO - HTTP Request: POST https://api.telegram.org/bot8787313826:AAH5BcKXf7xJjTpg48VIc0kZCHiDstzBeNY/getUpdates "HTTP/1.1 200 OK"
2026-03-26 12:02:01,000 - strategies.rsi_strategy - INFO - [RSIPro_SOL/USDT] Analisando RSI Pro + SMMA + Bandas de Bollinger + ADX + Volume...
2026-03-26 12:02:01,000 - strategies.ma_cross_strategy - INFO - [MACrossPro_SOL/USDT] A processar MA Cross Pro (EMA 5/13) + SMMA + RSI + ADX + Volume...
2026-03-26 12:02:01,003 - strategies.engulf_ma_strategy - INFO - [PriceActionPro_SOL/USDT] Analisando Price Action Pro + EMA 5 + SMMA 21 + RSI + ADX + Volume...
2026-03-26 12:02:01,003 - strategies.rsi_strategy - INFO - [RSIPro_ETH/USDT] Analisando RSI Pro + SMMA + Bandas de Bollinger + ADX + Volume...
2026-03-26 12:02:01,003 - strategies.ma_cross_strategy - INFO - [MACrossPro_ETH/USDT] A processar MA Cross Pro (EMA 5/13) + SMMA + RSI + ADX + Volume...
2026-03-26 12:02:01,003 - strategies.engulf_ma_strategy - INFO - [PriceActionPro_ETH/USDT] Analisando Price Action Pro + EMA 5 + SMMA 21 + RSI + ADX + Volume...
2026-03-26 12:02:01,004 - strategies.rsi_strategy - INFO - [RSIPro_XRP/USDT] Analisando RSI Pro + SMMA + Bandas de Bollinger + ADX + Volume...
2026-03-26 12:02:01,004 - strategies.ma_cross_strategy - INFO - [MACrossPro_XRP/USDT] A processar MA Cross Pro (EMA 5/13) + SMMA + RSI + ADX + Volume...
2026-03-26 12:02:01,005 - strategies.engulf_ma_strategy - INFO - [PriceActionPro_XRP/USDT] Analisando Price Action Pro + EMA 5 + SMMA 21 + RSI + ADX + Volume...
2026-03-26 12:02:03,658 - httpx - INFO - HTTP Request: POST https://api.telegram.org/bot8787313826:AAH5BcKXf7xJjTpg48VIc0kZCHiDstzBeNY/getUpdates "HTTP/1.1 200 OK"
2026-03-26 12:02:15,902 - httpx - INFO - HTTP Request: POST https://api.telegram.org/bot8787313826:AAH5BcKXf7xJjTpg48VIc0kZCHiDstzBeNY/getUpdates "HTTP/1.1 200 OK"
2026-03-26 12:02:26,101 - httpx - INFO - HTTP Request: POST https://api.telegram.org/bot8787313826:AAH5BcKXf7xJjTpg48VIc0kZCHiDstzBeNY/getUpdates "HTTP/1.1 200 OK"
2026-03-26 12:02:36,828 - httpx - INFO - HTTP Request: POST https://api.telegram.org/bot8787313826:AAH5BcKXf7xJjTpg48VIc0kZCHiDstzBeNY/getUpdates "HTTP/1.1 200 OK"
2026-03-26 12:02:47,523 - httpx - INFO - HTTP Request: POST https://api.telegram.org/bot8787313826:AAH5BcKXf7xJjTpg48VIc0kZCHiDstzBeNY/getUpdates "HTTP/1.1 200 OK"
2026-03-26 12:02:58,463 - httpx - INFO - HTTP Request: POST https://api.telegram.org/bot8787313826:AAH5BcKXf7xJjTpg48VIc0kZCHiDstzBeNY/getUpdates "HTTP/1.1 200 OK"
2026-03-26 12:03:00,998 - strategies.rsi_strategy - INFO - [RSIPro_XRP/USDT] Analisando RSI Pro + SMMA + Bandas de Bollinger + ADX + Volume...
2026-03-26 12:03:00,999 - strategies.ma_cross_strategy - INFO - [MACrossPro_XRP/USDT] A processar MA Cross Pro (EMA 5/13) + SMMA + RSI + ADX + Volume...
2026-03-26 12:03:01,000 - strategies.engulf_ma_strategy - INFO - [PriceActionPro_XRP/USDT] Analisando Price Action Pro + EMA 5 + SMMA 21 + RSI + ADX + Volume...
2026-03-26 12:03:01,007 - strategies.rsi_strategy - INFO - [RSIPro_ETH/USDT] Analisando RSI Pro + SMMA + Bandas de Bollinger + ADX + Volume...
2026-03-26 12:03:01,008 - strategies.ma_cross_strategy - INFO - [MACrossPro_ETH/USDT] A processar MA Cross Pro (EMA 5/13) + SMMA + RSI + ADX + Volume...
2026-03-26 12:03:01,008 - strategies.engulf_ma_strategy - INFO - [PriceActionPro_ETH/USDT] Analisando Price Action Pro + EMA 5 + SMMA 21 + RSI + ADX + Volume...
2026-03-26 12:03:01,009 - strategies.rsi_strategy - INFO - [RSIPro_SOL/USDT] Analisando RSI Pro + SMMA + Bandas de Bollinger + ADX + Volume...
2026-03-26 12:03:01,009 - strategies.ma_cross_strategy - INFO - [MACrossPro_SOL/USDT] A processar MA Cross Pro (EMA 5/13) + SMMA + RSI + ADX + Volume...
2026-03-26 12:03:01,010 - strategies.engulf_ma_strategy - INFO - [PriceActionPro_SOL/USDT] Analisando Price Action Pro + EMA 5 + SMMA 21 + RSI + ADX + Volume...
2026-03-26 12:03:24,073 - httpx - INFO - HTTP Request: POST https://api.telegram.org/bot8787313826:AAH5BcKXf7xJjTpg48VIc0kZCHiDstzBeNY/getUpdates "HTTP/1.1 200 OK"
2026-03-26 12:03:34,310 - httpx - INFO - HTTP Request: POST https://api.telegram.org/bot8787313826:AAH5BcKXf7xJjTpg48VIc0kZCHiDstzBeNY/getUpdates "HTTP/1.1 200 OK"
2026-03-26 12:03:44,638 - httpx - INFO - HTTP Request: POST https://api.telegram.org/bot8787313826:AAH5BcKXf7xJjTpg48VIc0kZCHiDstzBeNY/getUpdates "HTTP/1.1 200 OK"
2026-03-26 12:03:54,873 - httpx - INFO - HTTP Request: POST https://api.telegram.org/bot8787313826:AAH5BcKXf7xJjTpg48VIc0kZCHiDstzBeNY/getUpdates "HTTP/1.1 200 OK"
2026-03-26 12:04:01,003 - strategies.rsi_strategy - INFO - [RSIPro_XRP/USDT] Analisando RSI Pro + SMMA + Bandas de Bollinger + ADX + Volume...
2026-03-26 12:04:01,003 - strategies.ma_cross_strategy - INFO - [MACrossPro_XRP/USDT] A processar MA Cross Pro (EMA 5/13) + SMMA + RSI + ADX + Volume...
2026-03-26 12:04:01,004 - strategies.engulf_ma_strategy - INFO - [PriceActionPro_XRP/USDT] Analisando Price Action Pro + EMA 5 + SMMA 21 + RSI + ADX + Volume...
2026-03-26 12:04:01,004 - strategies.rsi_strategy - INFO - [RSIPro_ETH/USDT] Analisando RSI Pro + SMMA + Bandas de Bollinger + ADX + Volume...
2026-03-26 12:04:01,004 - strategies.ma_cross_strategy - INFO - [MACrossPro_ETH/USDT] A processar MA Cross Pro (EMA 5/13) + SMMA + RSI + ADX + Volume...
2026-03-26 12:04:01,005 - strategies.engulf_ma_strategy - INFO - [PriceActionPro_ETH/USDT] Analisando Price Action Pro + EMA 5 + SMMA 21 + RSI + ADX + Volume...
2026-03-26 12:04:01,005 - strategies.rsi_strategy - INFO - [RSIPro_SOL/USDT] Analisando RSI Pro + SMMA + Bandas de Bollinger + ADX + Volume...
2026-03-26 12:04:01,005 - strategies.ma_cross_strategy - INFO - [MACrossPro_SOL/USDT] A processar MA Cross Pro (EMA 5/13) + SMMA + RSI + ADX + Volume...
2026-03-26 12:04:01,006 - strategies.engulf_ma_strategy - INFO - [PriceActionPro_SOL/USDT] Analisando Price Action Pro + EMA 5 + SMMA 21 + RSI + ADX + Volume...
2026-03-26 12:04:05,085 - httpx - INFO - HTTP Request: POST https://api.telegram.org/bot8787313826:AAH5BcKXf7xJjTpg48VIc0kZCHiDstzBeNY/getUpdates "HTTP/1.1 200 OK"
2026-03-26 12:04:37,615 - httpx - INFO - HTTP Request: POST https://api.telegram.org/bot8787313826:AAH5BcKXf7xJjTpg48VIc0kZCHiDstzBeNY/getUpdates "HTTP/1.1 200 OK"
2026-03-26 12:04:49,553 - httpx - INFO - HTTP Request: POST https://api.telegram.org/bot8787313826:AAH5BcKXf7xJjTpg48VIc0kZCHiDstzBeNY/getUpdates "HTTP/1.1 200 OK"
2026-03-26 12:04:59,809 - httpx - INFO - HTTP Request: POST https://api.telegram.org/bot8787313826:AAH5BcKXf7xJjTpg48VIc0kZCHiDstzBeNY/getUpdates "HTTP/1.1 200 OK"
2026-03-26 12:05:01,009 - strategies.rsi_strategy - INFO - [RSIPro_ETH/USDT] Analisando RSI Pro + SMMA + Bandas de Bollinger + ADX + Volume...
2026-03-26 12:05:01,010 - strategies.ma_cross_strategy - INFO - [MACrossPro_ETH/USDT] A processar MA Cross Pro (EMA 5/13) + SMMA + RSI + ADX + Volume...
2026-03-26 12:05:01,011 - strategies.engulf_ma_strategy - INFO - [PriceActionPro_ETH/USDT] Analisando Price Action Pro + EMA 5 + SMMA 21 + RSI + ADX + Volume...
2026-03-26 12:05:01,011 - strategies.rsi_strategy - INFO - [RSIPro_SOL/USDT] Analisando RSI Pro + SMMA + Bandas de Bollinger + ADX + Volume...
2026-03-26 12:05:01,011 - strategies.ma_cross_strategy - INFO - [MACrossPro_SOL/USDT] A processar MA Cross Pro (EMA 5/13) + SMMA + RSI + ADX + Volume...
2026-03-26 12:05:01,012 - strategies.engulf_ma_strategy - INFO - [PriceActionPro_SOL/USDT] Analisando Price Action Pro + EMA 5 + SMMA 21 + RSI + ADX + Volume...
2026-03-26 12:05:01,012 - strategies.rsi_strategy - INFO - [RSIPro_XRP/USDT] Analisando RSI Pro + SMMA + Bandas de Bollinger + ADX + Volume...
2026-03-26 12:05:01,012 - strategies.ma_cross_strategy - INFO - [MACrossPro_XRP/USDT] A processar MA Cross Pro (EMA 5/13) + SMMA + RSI + ADX + Volume...
2026-03-26 12:05:01,014 - strategies.engulf_ma_strategy - INFO - [PriceActionPro_XRP/USDT] Analisando Price Action Pro + EMA 5 + SMMA 21 + RSI + ADX + Volume...
2026-03-26 12:05:26,031 - httpx - INFO - HTTP Request: POST https://api.telegram.org/bot8787313826:AAH5BcKXf7xJjTpg48VIc0kZCHiDstzBeNY/getUpdates "HTTP/1.1 200 OK"
2026-03-26 12:05:36,871 - httpx - INFO - HTTP Request: POST https://api.telegram.org/bot8787313826:AAH5BcKXf7xJjTpg48VIc0kZCHiDstzBeNY/getUpdates "HTTP/1.1 200 OK"
2026-03-26 12:05:47,726 - httpx - INFO - HTTP Request: POST https://api.telegram.org/bot8787313826:AAH5BcKXf7xJjTpg48VIc0kZCHiDstzBeNY/getUpdates "HTTP/1.1 200 OK"
2026-03-26 12:05:59,087 - httpx - INFO - HTTP Request: POST https://api.telegram.org/bot8787313826:AAH5BcKXf7xJjTpg48VIc0kZCHiDstzBeNY/getUpdates "HTTP/1.1 200 OK"
2026-03-26 12:06:01,004 - strategies.rsi_strategy - INFO - [RSIPro_XRP/USDT] Analisando RSI Pro + SMMA + Bandas de Bollinger + ADX + Volume...
2026-03-26 12:06:01,005 - strategies.ma_cross_strategy - INFO - [MACrossPro_XRP/USDT] A processar MA Cross Pro (EMA 5/13) + SMMA + RSI + ADX + Volume...
2026-03-26 12:06:01,006 - strategies.engulf_ma_strategy - INFO - [PriceActionPro_XRP/USDT] Analisando Price Action Pro + EMA 5 + SMMA 21 + RSI + ADX + Volume...
2026-03-26 12:06:01,006 - strategies.rsi_strategy - INFO - [RSIPro_ETH/USDT] Analisando RSI Pro + SMMA + Bandas de Bollinger + ADX + Volume...
2026-03-26 12:06:01,006 - strategies.ma_cross_strategy - INFO - [MACrossPro_ETH/USDT] A processar MA Cross Pro (EMA 5/13) + SMMA + RSI + ADX + Volume...
2026-03-26 12:06:01,007 - strategies.engulf_ma_strategy - INFO - [PriceActionPro_ETH/USDT] Analisando Price Action Pro + EMA 5 + SMMA 21 + RSI + ADX + Volume...
2026-03-26 12:06:01,007 - strategies.rsi_strategy - INFO - [RSIPro_SOL/USDT] Analisando RSI Pro + SMMA + Bandas de Bollinger + ADX + Volume...
2026-03-26 12:06:01,007 - strategies.ma_cross_strategy - INFO - [MACrossPro_SOL/USDT] A processar MA Cross Pro (EMA 5/13) + SMMA + RSI + ADX + Volume...
2026-03-26 12:06:01,007 - strategies.engulf_ma_strategy - INFO - [PriceActionPro_SOL/USDT] Analisando Price Action Pro + EMA 5 + SMMA 21 + RSI + ADX + Volume...
2026-03-26 12:06:09,317 - httpx - INFO - HTTP Request: POST https://api.telegram.org/bot8787313826:AAH5BcKXf7xJjTpg48VIc0kZCHiDstzBeNY/getUpdates "HTTP/1.1 200 OK"
2026-03-26 12:06:20,625 - httpx - INFO - HTTP Request: POST https://api.telegram.org/bot8787313826:AAH5BcKXf7xJjTpg48VIc0kZCHiDstzBeNY/getUpdates "HTTP/1.1 200 OK"
2026-03-26 12:06:30,830 - httpx - INFO - HTTP Request: POST https://api.telegram.org/bot8787313826:AAH5BcKXf7xJjTpg48VIc0kZCHiDstzBeNY/getUpdates "HTTP/1.1 200 OK"
2026-03-26 12:06:41,035 - httpx - INFO - HTTP Request: POST https://api.telegram.org/bot8787313826:AAH5BcKXf7xJjTpg48VIc0kZCHiDstzBeNY/getUpdates "HTTP/1.1 200 OK"
2026-03-26 12:06:51,238 - httpx - INFO - HTTP Request: POST https://api.telegram.org/bot8787313826:AAH5BcKXf7xJjTpg48VIc0kZCHiDstzBeNY/getUpdates "HTTP/1.1 200 OK"
2026-03-26 12:07:01,001 - strategies.rsi_strategy - INFO - [RSIPro_ETH/USDT] Analisando RSI Pro + SMMA + Bandas de Bollinger + ADX + Volume...
2026-03-26 12:07:01,002 - strategies.ma_cross_strategy - INFO - [MACrossPro_ETH/USDT] A processar MA Cross Pro (EMA 5/13) + SMMA + RSI + ADX + Volume...
2026-03-26 12:07:01,004 - strategies.engulf_ma_strategy - INFO - [PriceActionPro_ETH/USDT] Analisando Price Action Pro + EMA 5 + SMMA 21 + RSI + ADX + Volume...
2026-03-26 12:07:01,004 - strategies.rsi_strategy - INFO - [RSIPro_XRP/USDT] Analisando RSI Pro + SMMA + Bandas de Bollinger + ADX + Volume...
2026-03-26 12:07:01,005 - strategies.ma_cross_strategy - INFO - [MACrossPro_XRP/USDT] A processar MA Cross Pro (EMA 5/13) + SMMA + RSI + ADX + Volume...
2026-03-26 12:07:01,005 - strategies.engulf_ma_strategy - INFO - [PriceActionPro_XRP/USDT] Analisando Price Action Pro + EMA 5 + SMMA 21 + RSI + ADX + Volume...
2026-03-26 12:07:01,006 - strategies.rsi_strategy - INFO - [RSIPro_SOL/USDT] Analisando RSI Pro + SMMA + Bandas de Bollinger + ADX + Volume...
2026-03-26 12:07:01,007 - strategies.ma_cross_strategy - INFO - [MACrossPro_SOL/USDT] A processar MA Cross Pro (EMA 5/13) + SMMA + RSI + ADX + Volume...
2026-03-26 12:07:01,007 - strategies.engulf_ma_strategy - INFO - [PriceActionPro_SOL/USDT] Analisando Price Action Pro + EMA 5 + SMMA 21 + RSI + ADX + Volume...
2026-03-26 12:07:01,721 - httpx - INFO - HTTP Request: POST https://api.telegram.org/bot8787313826:AAH5BcKXf7xJjTpg48VIc0kZCHiDstzBeNY/getUpdates "HTTP/1.1 200 OK"
2026-03-26 12:07:11,938 - httpx - INFO - HTTP Request: POST https://api.telegram.org/bot8787313826:AAH5BcKXf7xJjTpg48VIc0kZCHiDstzBeNY/getUpdates "HTTP/1.1 200 OK"
2026-03-26 12:07:22,144 - httpx - INFO - HTTP Request: POST https://api.telegram.org/bot8787313826:AAH5BcKXf7xJjTpg48VIc0kZCHiDstzBeNY/getUpdates "HTTP/1.1 200 OK"
2026-03-26 12:07:32,369 - httpx - INFO - HTTP Request: POST https://api.telegram.org/bot8787313826:AAH5BcKXf7xJjTpg48VIc0kZCHiDstzBeNY/getUpdates "HTTP/1.1 200 OK"
2026-03-26 12:07:42,577 - httpx - INFO - HTTP Request: POST https://api.telegram.org/bot8787313826:AAH5BcKXf7xJjTpg48VIc0kZCHiDstzBeNY/getUpdates "HTTP/1.1 200 OK"
2026-03-26 12:07:52,790 - httpx - INFO - HTTP Request: POST https://api.telegram.org/bot8787313826:AAH5BcKXf7xJjTpg48VIc0kZCHiDstzBeNY/getUpdates "HTTP/1.1 200 OK"
2026-03-26 12:08:01,021 - strategies.rsi_strategy - INFO - [RSIPro_XRP/USDT] Analisando RSI Pro + SMMA + Bandas de Bollinger + ADX + Volume...
2026-03-26 12:08:01,029 - strategies.ma_cross_strategy - INFO - [MACrossPro_XRP/USDT] A processar MA Cross Pro (EMA 5/13) + SMMA + RSI + ADX + Volume...
2026-03-26 12:08:01,029 - strategies.engulf_ma_strategy - INFO - [PriceActionPro_XRP/USDT] Analisando Price Action Pro + EMA 5 + SMMA 21 + RSI + ADX + Volume...
2026-03-26 12:08:01,029 - strategies.rsi_strategy - INFO - [RSIPro_SOL/USDT] Analisando RSI Pro + SMMA + Bandas de Bollinger + ADX + Volume...
2026-03-26 12:08:01,030 - strategies.ma_cross_strategy - INFO - [MACrossPro_SOL/USDT] A processar MA Cross Pro (EMA 5/13) + SMMA + RSI + ADX + Volume...
2026-03-26 12:08:01,030 - strategies.engulf_ma_strategy - INFO - [PriceActionPro_SOL/USDT] Analisando Price Action Pro + EMA 5 + SMMA 21 + RSI + ADX + Volume...
2026-03-26 12:08:01,031 - strategies.rsi_strategy - INFO - [RSIPro_ETH/USDT] Analisando RSI Pro + SMMA + Bandas de Bollinger + ADX + Volume...
2026-03-26 12:08:01,031 - strategies.ma_cross_strategy - INFO - [MACrossPro_ETH/USDT] A processar MA Cross Pro (EMA 5/13) + SMMA + RSI + ADX + Volume...
2026-03-26 12:08:01,031 - strategies.engulf_ma_strategy - INFO - [PriceActionPro_ETH/USDT] Analisando Price Action Pro + EMA 5 + SMMA 21 + RSI + ADX + Volume...
2026-03-26 12:08:02,999 - httpx - INFO - HTTP Request: POST https://api.telegram.org/bot8787313826:AAH5BcKXf7xJjTpg48VIc0kZCHiDstzBeNY/getUpdates "HTTP/1.1 200 OK"
2026-03-26 12:08:13,652 - httpx - INFO - HTTP Request: POST https://api.telegram.org/bot8787313826:AAH5BcKXf7xJjTpg48VIc0kZCHiDstzBeNY/getUpdates "HTTP/1.1 200 OK"
2026-03-26 12:08:26,866 - httpx - INFO - HTTP Request: POST https://api.telegram.org/bot8787313826:AAH5BcKXf7xJjTpg48VIc0kZCHiDstzBeNY/getUpdates "HTTP/1.1 200 OK"
2026-03-26 12:08:37,105 - httpx - INFO - HTTP Request: POST https://api.telegram.org/bot8787313826:AAH5BcKXf7xJjTpg48VIc0kZCHiDstzBeNY/getUpdates "HTTP/1.1 200 OK"
2026-03-26 12:08:48,237 - httpx - INFO - HTTP Request: POST https://api.telegram.org/bot8787313826:AAH5BcKXf7xJjTpg48VIc0kZCHiDstzBeNY/getUpdates "HTTP/1.1 200 OK"
2026-03-26 12:08:58,443 - httpx - INFO - HTTP Request: POST https://api.telegram.org/bot8787313826:AAH5BcKXf7xJjTpg48VIc0kZCHiDstzBeNY/getUpdates "HTTP/1.1 200 OK"
2026-03-26 12:09:01,000 - strategies.rsi_strategy - INFO - [RSIPro_ETH/USDT] Analisando RSI Pro + SMMA + Bandas de Bollinger + ADX + Volume...
2026-03-26 12:09:01,093 - strategies.ma_cross_strategy - INFO - [MACrossPro_ETH/USDT] A processar MA Cross Pro (EMA 5/13) + SMMA + RSI + ADX + Volume...
2026-03-26 12:09:01,168 - strategies.engulf_ma_strategy - INFO - [PriceActionPro_ETH/USDT] Analisando Price Action Pro + EMA 5 + SMMA 21 + RSI + ADX + Volume...
2026-03-26 12:09:01,256 - strategies.rsi_strategy - INFO - [RSIPro_SOL/USDT] Analisando RSI Pro + SMMA + Bandas de Bollinger + ADX + Volume...
2026-03-26 12:09:01,357 - strategies.ma_cross_strategy - INFO - [MACrossPro_SOL/USDT] A processar MA Cross Pro (EMA 5/13) + SMMA + RSI + ADX + Volume...
2026-03-26 12:09:01,455 - strategies.engulf_ma_strategy - INFO - [PriceActionPro_SOL/USDT] Analisando Price Action Pro + EMA 5 + SMMA 21 + RSI + ADX + Volume...
2026-03-26 12:09:01,637 - strategies.rsi_strategy - INFO - [RSIPro_XRP/USDT] Analisando RSI Pro + SMMA + Bandas de Bollinger + ADX + Volume...
2026-03-26 12:09:01,672 - strategies.ma_cross_strategy - INFO - [MACrossPro_XRP/USDT] A processar MA Cross Pro (EMA 5/13) + SMMA + RSI + ADX + Volume...
2026-03-26 12:09:01,714 - strategies.engulf_ma_strategy - INFO - [PriceActionPro_XRP/USDT] Analisando Price Action Pro + EMA 5 + SMMA 21 + RSI + ADX + Volume...
2026-03-26 12:09:08,698 - httpx - INFO - HTTP Request: POST https://api.telegram.org/bot8787313826:AAH5BcKXf7xJjTpg48VIc0kZCHiDstzBeNY/getUpdates "HTTP/1.1 200 OK"
2026-03-26 12:09:18,993 - httpx - INFO - HTTP Request: POST https://api.telegram.org/bot8787313826:AAH5BcKXf7xJjTpg48VIc0kZCHiDstzBeNY/getUpdates "HTTP/1.1 200 OK"
2026-03-26 12:09:29,199 - httpx - INFO - HTTP Request: POST https://api.telegram.org/bot8787313826:AAH5BcKXf7xJjTpg48VIc0kZCHiDstzBeNY/getUpdates "HTTP/1.1 200 OK"
2026-03-26 12:09:39,409 - httpx - INFO - HTTP Request: POST https://api.telegram.org/bot8787313826:AAH5BcKXf7xJjTpg48VIc0kZCHiDstzBeNY/getUpdates "HTTP/1.1 200 OK"
2026-03-26 12:09:49,649 - httpx - INFO - HTTP Request: POST https://api.telegram.org/bot8787313826:AAH5BcKXf7xJjTpg48VIc0kZCHiDstzBeNY/getUpdates "HTTP/1.1 200 OK"
2026-03-26 12:09:59,858 - httpx - INFO - HTTP Request: POST https://api.telegram.org/bot8787313826:AAH5BcKXf7xJjTpg48VIc0kZCHiDstzBeNY/getUpdates "HTTP/1.1 200 OK"
2026-03-26 12:10:01,000 - strategies.rsi_strategy - INFO - [RSIPro_ETH/USDT] Analisando RSI Pro + SMMA + Bandas de Bollinger + ADX + Volume...
2026-03-26 12:10:01,081 - strategies.ma_cross_strategy - INFO - [MACrossPro_ETH/USDT] A processar MA Cross Pro (EMA 5/13) + SMMA + RSI + ADX + Volume...
2026-03-26 12:10:01,105 - strategies.engulf_ma_strategy - INFO - [PriceActionPro_ETH/USDT] Analisando Price Action Pro + EMA 5 + SMMA 21 + RSI + ADX + Volume...
2026-03-26 12:10:01,152 - strategies.rsi_strategy - INFO - [RSIPro_SOL/USDT] Analisando RSI Pro + SMMA + Bandas de Bollinger + ADX + Volume...
2026-03-26 12:10:01,158 - strategies.ma_cross_strategy - INFO - [MACrossPro_SOL/USDT] A processar MA Cross Pro (EMA 5/13) + SMMA + RSI + ADX + Volume...
2026-03-26 12:10:01,175 - strategies.engulf_ma_strategy - INFO - [PriceActionPro_SOL/USDT] Analisando Price Action Pro + EMA 5 + SMMA 21 + RSI + ADX + Volume...
2026-03-26 12:10:01,192 - strategies.rsi_strategy - INFO - [RSIPro_XRP/USDT] Analisando RSI Pro + SMMA + Bandas de Bollinger + ADX + Volume...
2026-03-26 12:10:01,208 - strategies.ma_cross_strategy - INFO - [MACrossPro_XRP/USDT] A processar MA Cross Pro (EMA 5/13) + SMMA + RSI + ADX + Volume...
2026-03-26 12:10:01,231 - strategies.engulf_ma_strategy - INFO - [PriceActionPro_XRP/USDT] Analisando Price Action Pro + EMA 5 + SMMA 21 + RSI + ADX + Volume...
2026-03-26 12:10:10,086 - httpx - INFO - HTTP Request: POST https://api.telegram.org/bot8787313826:AAH5BcKXf7xJjTpg48VIc0kZCHiDstzBeNY/getUpdates "HTTP/1.1 200 OK"
2026-03-26 12:10:20,289 - httpx - INFO - HTTP Request: POST https://api.telegram.org/bot8787313826:AAH5BcKXf7xJjTpg48VIc0kZCHiDstzBeNY/getUpdates "HTTP/1.1 200 OK"
2026-03-26 12:10:30,498 - httpx - INFO - HTTP Request: POST https://api.telegram.org/bot8787313826:AAH5BcKXf7xJjTpg48VIc0kZCHiDstzBeNY/getUpdates "HTTP/1.1 200 OK"
2026-03-26 12:10:40,704 - httpx - INFO - HTTP Request: POST https://api.telegram.org/bot8787313826:AAH5BcKXf7xJjTpg48VIc0kZCHiDstzBeNY/getUpdates "HTTP/1.1 200 OK"
2026-03-26 12:10:50,945 - httpx - INFO - HTTP Request: POST https://api.telegram.org/bot8787313826:AAH5BcKXf7xJjTpg48VIc0kZCHiDstzBeNY/getUpdates "HTTP/1.1 200 OK"
2026-03-26 12:11:00,990 - strategies.rsi_strategy - INFO - [RSIPro_SOL/USDT] Analisando RSI Pro + SMMA + Bandas de Bollinger + ADX + Volume...
2026-03-26 12:11:00,991 - strategies.ma_cross_strategy - INFO - [MACrossPro_SOL/USDT] A processar MA Cross Pro (EMA 5/13) + SMMA + RSI + ADX + Volume...
2026-03-26 12:11:00,993 - strategies.engulf_ma_strategy - INFO - [PriceActionPro_SOL/USDT] Analisando Price Action Pro + EMA 5 + SMMA 21 + RSI + ADX + Volume...
2026-03-26 12:11:00,993 - strategies.rsi_strategy - INFO - [RSIPro_ETH/USDT] Analisando RSI Pro + SMMA + Bandas de Bollinger + ADX + Volume...
2026-03-26 12:11:00,994 - strategies.ma_cross_strategy - INFO - [MACrossPro_ETH/USDT] A processar MA Cross Pro (EMA 5/13) + SMMA + RSI + ADX + Volume...
2026-03-26 12:11:00,994 - strategies.engulf_ma_strategy - INFO - [PriceActionPro_ETH/USDT] Analisando Price Action Pro + EMA 5 + SMMA 21 + RSI + ADX + Volume...
2026-03-26 12:11:00,994 - strategies.rsi_strategy - INFO - [RSIPro_XRP/USDT] Analisando RSI Pro + SMMA + Bandas de Bollinger + ADX + Volume...
2026-03-26 12:11:00,995 - strategies.ma_cross_strategy - INFO - [MACrossPro_XRP/USDT] A processar MA Cross Pro (EMA 5/13) + SMMA + RSI + ADX + Volume...
2026-03-26 12:11:00,995 - strategies.engulf_ma_strategy - INFO - [PriceActionPro_XRP/USDT] Analisando Price Action Pro + EMA 5 + SMMA 21 + RSI + ADX + Volume...
2026-03-26 12:11:01,151 - httpx - INFO - HTTP Request: POST https://api.telegram.org/bot8787313826:AAH5BcKXf7xJjTpg48VIc0kZCHiDstzBeNY/getUpdates "HTTP/1.1 200 OK"
2026-03-26 12:11:11,358 - httpx - INFO - HTTP Request: POST https://api.telegram.org/bot8787313826:AAH5BcKXf7xJjTpg48VIc0kZCHiDstzBeNY/getUpdates "HTTP/1.1 200 OK"
2026-03-26 12:11:21,566 - httpx - INFO - HTTP Request: POST https://api.telegram.org/bot8787313826:AAH5BcKXf7xJjTpg48VIc0kZCHiDstzBeNY/getUpdates "HTTP/1.1 200 OK"
2026-03-26 12:11:31,818 - httpx - INFO - HTTP Request: POST https://api.telegram.org/bot8787313826:AAH5BcKXf7xJjTpg48VIc0kZCHiDstzBeNY/getUpdates "HTTP/1.1 200 OK"
2026-03-26 12:11:42,450 - httpx - INFO - HTTP Request: POST https://api.telegram.org/bot8787313826:AAH5BcKXf7xJjTpg48VIc0kZCHiDstzBeNY/getUpdates "HTTP/1.1 200 OK"
2026-03-26 12:11:52,659 - httpx - INFO - HTTP Request: POST https://api.telegram.org/bot8787313826:AAH5BcKXf7xJjTpg48VIc0kZCHiDstzBeNY/getUpdates "HTTP/1.1 200 OK"
2026-03-26 12:12:01,003 - strategies.rsi_strategy - INFO - [RSIPro_SOL/USDT] Analisando RSI Pro + SMMA + Bandas de Bollinger + ADX + Volume...
2026-03-26 12:12:01,007 - strategies.ma_cross_strategy - INFO - [MACrossPro_SOL/USDT] A processar MA Cross Pro (EMA 5/13) + SMMA + RSI + ADX + Volume...
2026-03-26 12:12:01,009 - strategies.engulf_ma_strategy - INFO - [PriceActionPro_SOL/USDT] Analisando Price Action Pro + EMA 5 + SMMA 21 + RSI + ADX + Volume...
2026-03-26 12:12:01,009 - strategies.rsi_strategy - INFO - [RSIPro_XRP/USDT] Analisando RSI Pro + SMMA + Bandas de Bollinger + ADX + Volume...
2026-03-26 12:12:01,009 - strategies.ma_cross_strategy - INFO - [MACrossPro_XRP/USDT] A processar MA Cross Pro (EMA 5/13) + SMMA + RSI + ADX + Volume...
2026-03-26 12:12:01,010 - strategies.engulf_ma_strategy - INFO - [PriceActionPro_XRP/USDT] Analisando Price Action Pro + EMA 5 + SMMA 21 + RSI + ADX + Volume...
2026-03-26 12:12:01,010 - strategies.rsi_strategy - INFO - [RSIPro_ETH/USDT] Analisando RSI Pro + SMMA + Bandas de Bollinger + ADX + Volume...
2026-03-26 12:12:01,010 - strategies.ma_cross_strategy - INFO - [MACrossPro_ETH/USDT] A processar MA Cross Pro (EMA 5/13) + SMMA + RSI + ADX + Volume...
2026-03-26 12:12:01,011 - strategies.engulf_ma_strategy - INFO - [PriceActionPro_ETH/USDT] Analisando Price Action Pro + EMA 5 + SMMA 21 + RSI + ADX + Volume...
2026-03-26 12:12:03,340 - httpx - INFO - HTTP Request: POST https://api.telegram.org/bot8787313826:AAH5BcKXf7xJjTpg48VIc0kZCHiDstzBeNY/getUpdates "HTTP/1.1 200 OK"
2026-03-26 12:12:13,548 - httpx - INFO - HTTP Request: POST https://api.telegram.org/bot8787313826:AAH5BcKXf7xJjTpg48VIc0kZCHiDstzBeNY/getUpdates "HTTP/1.1 200 OK"
2026-03-26 12:12:23,788 - httpx - INFO - HTTP Request: POST https://api.telegram.org/bot8787313826:AAH5BcKXf7xJjTpg48VIc0kZCHiDstzBeNY/getUpdates "HTTP/1.1 200 OK"
2026-03-26 12:12:34,032 - httpx - INFO - HTTP Request: POST https://api.telegram.org/bot8787313826:AAH5BcKXf7xJjTpg48VIc0kZCHiDstzBeNY/getUpdates "HTTP/1.1 200 OK"
2026-03-26 12:12:44,272 - httpx - INFO - HTTP Request: POST https://api.telegram.org/bot8787313826:AAH5BcKXf7xJjTpg48VIc0kZCHiDstzBeNY/getUpdates "HTTP/1.1 200 OK"
2026-03-26 12:12:54,513 - httpx - INFO - HTTP Request: POST https://api.telegram.org/bot8787313826:AAH5BcKXf7xJjTpg48VIc0kZCHiDstzBeNY/getUpdates "HTTP/1.1 200 OK"
2026-03-26 12:13:00,994 - strategies.rsi_strategy - INFO - [RSIPro_ETH/USDT] Analisando RSI Pro + SMMA + Bandas de Bollinger + ADX + Volume...
2026-03-26 12:13:00,995 - strategies.ma_cross_strategy - INFO - [MACrossPro_ETH/USDT] A processar MA Cross Pro (EMA 5/13) + SMMA + RSI + ADX + Volume...
2026-03-26 12:13:00,995 - strategies.engulf_ma_strategy - INFO - [PriceActionPro_ETH/USDT] Analisando Price Action Pro + EMA 5 + SMMA 21 + RSI + ADX + Volume...
2026-03-26 12:13:00,996 - strategies.rsi_strategy - INFO - [RSIPro_SOL/USDT] Analisando RSI Pro + SMMA + Bandas de Bollinger + ADX + Volume...
2026-03-26 12:13:00,997 - strategies.ma_cross_strategy - INFO - [MACrossPro_SOL/USDT] A processar MA Cross Pro (EMA 5/13) + SMMA + RSI + ADX + Volume...
2026-03-26 12:13:00,998 - strategies.engulf_ma_strategy - INFO - [PriceActionPro_SOL/USDT] Analisando Price Action Pro + EMA 5 + SMMA 21 + RSI + ADX + Volume...
2026-03-26 12:13:00,998 - strategies.rsi_strategy - INFO - [RSIPro_XRP/USDT] Analisando RSI Pro + SMMA + Bandas de Bollinger + ADX + Volume...
2026-03-26 12:13:00,998 - strategies.ma_cross_strategy - INFO - [MACrossPro_XRP/USDT] A processar MA Cross Pro (EMA 5/13) + SMMA + RSI + ADX + Volume...
2026-03-26 12:13:00,999 - strategies.engulf_ma_strategy - INFO - [PriceActionPro_XRP/USDT] Analisando Price Action Pro + EMA 5 + SMMA 21 + RSI + ADX + Volume...
2026-03-26 12:13:04,726 - httpx - INFO - HTTP Request: POST https://api.telegram.org/bot8787313826:AAH5BcKXf7xJjTpg48VIc0kZCHiDstzBeNY/getUpdates "HTTP/1.1 200 OK"
2026-03-26 12:13:15,440 - httpx - INFO - HTTP Request: POST https://api.telegram.org/bot8787313826:AAH5BcKXf7xJjTpg48VIc0kZCHiDstzBeNY/getUpdates "HTTP/1.1 200 OK"
2026-03-26 12:13:25,693 - httpx - INFO - HTTP Request: POST https://api.telegram.org/bot8787313826:AAH5BcKXf7xJjTpg48VIc0kZCHiDstzBeNY/getUpdates "HTTP/1.1 200 OK"
2026-03-26 12:13:35,906 - httpx - INFO - HTTP Request: POST https://api.telegram.org/bot8787313826:AAH5BcKXf7xJjTpg48VIc0kZCHiDstzBeNY/getUpdates "HTTP/1.1 200 OK"
2026-03-26 12:13:46,110 - httpx - INFO - HTTP Request: POST https://api.telegram.org/bot8787313826:AAH5BcKXf7xJjTpg48VIc0kZCHiDstzBeNY/getUpdates "HTTP/1.1 200 OK"
2026-03-26 12:13:56,325 - httpx - INFO - HTTP Request: POST https://api.telegram.org/bot8787313826:AAH5BcKXf7xJjTpg48VIc0kZCHiDstzBeNY/getUpdates "HTTP/1.1 200 OK"
2026-03-26 12:14:00,994 - strategies.rsi_strategy - INFO - [RSIPro_XRP/USDT] Analisando RSI Pro + SMMA + Bandas de Bollinger + ADX + Volume...
2026-03-26 12:14:00,994 - strategies.ma_cross_strategy - INFO - [MACrossPro_XRP/USDT] A processar MA Cross Pro (EMA 5/13) + SMMA + RSI + ADX + Volume...
2026-03-26 12:14:00,995 - strategies.engulf_ma_strategy - INFO - [PriceActionPro_XRP/USDT] Analisando Price Action Pro + EMA 5 + SMMA 21 + RSI + ADX + Volume...
2026-03-26 12:14:00,995 - strategies.rsi_strategy - INFO - [RSIPro_ETH/USDT] Analisando RSI Pro + SMMA + Bandas de Bollinger + ADX + Volume...
2026-03-26 12:14:00,995 - strategies.ma_cross_strategy - INFO - [MACrossPro_ETH/USDT] A processar MA Cross Pro (EMA 5/13) + SMMA + RSI + ADX + Volume...
2026-03-26 12:14:00,996 - strategies.engulf_ma_strategy - INFO - [PriceActionPro_ETH/USDT] Analisando Price Action Pro + EMA 5 + SMMA 21 + RSI + ADX + Volume...
2026-03-26 12:14:00,996 - strategies.rsi_strategy - INFO - [RSIPro_SOL/USDT] Analisando RSI Pro + SMMA + Bandas de Bollinger + ADX + Volume...
2026-03-26 12:14:00,997 - strategies.ma_cross_strategy - INFO - [MACrossPro_SOL/USDT] A processar MA Cross Pro (EMA 5/13) + SMMA + RSI + ADX + Volume...
2026-03-26 12:14:00,997 - strategies.engulf_ma_strategy - INFO - [PriceActionPro_SOL/USDT] Analisando Price Action Pro + EMA 5 + SMMA 21 + RSI + ADX + Volume...
2026-03-26 12:14:06,541 - httpx - INFO - HTTP Request: POST https://api.telegram.org/bot8787313826:AAH5BcKXf7xJjTpg48VIc0kZCHiDstzBeNY/getUpdates "HTTP/1.1 200 OK"
2026-03-26 12:14:16,745 - httpx - INFO - HTTP Request: POST https://api.telegram.org/bot8787313826:AAH5BcKXf7xJjTpg48VIc0kZCHiDstzBeNY/getUpdates "HTTP/1.1 200 OK"
2026-03-26 12:14:26,953 - httpx - INFO - HTTP Request: POST https://api.telegram.org/bot8787313826:AAH5BcKXf7xJjTpg48VIc0kZCHiDstzBeNY/getUpdates "HTTP/1.1 200 OK"
2026-03-26 12:14:37,584 - httpx - INFO - HTTP Request: POST https://api.telegram.org/bot8787313826:AAH5BcKXf7xJjTpg48VIc0kZCHiDstzBeNY/getUpdates "HTTP/1.1 200 OK"
2026-03-26 12:14:47,826 - httpx - INFO - HTTP Request: POST https://api.telegram.org/bot8787313826:AAH5BcKXf7xJjTpg48VIc0kZCHiDstzBeNY/getUpdates "HTTP/1.1 200 OK"
2026-03-26 12:14:58,956 - httpx - INFO - HTTP Request: POST https://api.telegram.org/bot8787313826:AAH5BcKXf7xJjTpg48VIc0kZCHiDstzBeNY/getUpdates "HTTP/1.1 200 OK"
2026-03-26 12:15:00,995 - strategies.rsi_strategy - INFO - [RSIPro_ETH/USDT] Analisando RSI Pro + SMMA + Bandas de Bollinger + ADX + Volume...
2026-03-26 12:15:00,998 - strategies.ma_cross_strategy - INFO - [MACrossPro_ETH/USDT] A processar MA Cross Pro (EMA 5/13) + SMMA + RSI + ADX + Volume...
2026-03-26 12:15:00,998 - strategies.engulf_ma_strategy - INFO - [PriceActionPro_ETH/USDT] Analisando Price Action Pro + EMA 5 + SMMA 21 + RSI + ADX + Volume...
2026-03-26 12:15:00,999 - strategies.rsi_strategy - INFO - [RSIPro_SOL/USDT] Analisando RSI Pro + SMMA + Bandas de Bollinger + ADX + Volume...
2026-03-26 12:15:00,999 - strategies.ma_cross_strategy - INFO - [MACrossPro_SOL/USDT] A processar MA Cross Pro (EMA 5/13) + SMMA + RSI + ADX + Volume...
2026-03-26 12:15:01,000 - strategies.engulf_ma_strategy - INFO - [PriceActionPro_SOL/USDT] Analisando Price Action Pro + EMA 5 + SMMA 21 + RSI + ADX + Volume...
2026-03-26 12:15:01,000 - strategies.rsi_strategy - INFO - [RSIPro_XRP/USDT] Analisando RSI Pro + SMMA + Bandas de Bollinger + ADX + Volume...
2026-03-26 12:15:01,000 - strategies.ma_cross_strategy - INFO - [MACrossPro_XRP/USDT] A processar MA Cross Pro (EMA 5/13) + SMMA + RSI + ADX + Volume...
2026-03-26 12:15:01,001 - strategies.engulf_ma_strategy - INFO - [PriceActionPro_XRP/USDT] Analisando Price Action Pro + EMA 5 + SMMA 21 + RSI + ADX + Volume...
2026-03-26 12:15:09,162 - httpx - INFO - HTTP Request: POST https://api.telegram.org/bot8787313826:AAH5BcKXf7xJjTpg48VIc0kZCHiDstzBeNY/getUpdates "HTTP/1.1 200 OK"
2026-03-26 12:15:19,852 - httpx - INFO - HTTP Request: POST https://api.telegram.org/bot8787313826:AAH5BcKXf7xJjTpg48VIc0kZCHiDstzBeNY/getUpdates "HTTP/1.1 200 OK"
2026-03-26 12:15:30,057 - httpx - INFO - HTTP Request: POST https://api.telegram.org/bot8787313826:AAH5BcKXf7xJjTpg48VIc0kZCHiDstzBeNY/getUpdates "HTTP/1.1 200 OK"
2026-03-26 12:15:40,268 - httpx - INFO - HTTP Request: POST https://api.telegram.org/bot8787313826:AAH5BcKXf7xJjTpg48VIc0kZCHiDstzBeNY/getUpdates "HTTP/1.1 200 OK"
2026-03-26 12:15:50,927 - httpx - INFO - HTTP Request: POST https://api.telegram.org/bot8787313826:AAH5BcKXf7xJjTpg48VIc0kZCHiDstzBeNY/getUpdates "HTTP/1.1 200 OK"
2026-03-26 12:16:00,987 - strategies.rsi_strategy - INFO - [RSIPro_SOL/USDT] Analisando RSI Pro + SMMA + Bandas de Bollinger + ADX + Volume...
2026-03-26 12:16:00,987 - strategies.ma_cross_strategy - INFO - [MACrossPro_SOL/USDT] A processar MA Cross Pro (EMA 5/13) + SMMA + RSI + ADX + Volume...
2026-03-26 12:16:00,988 - strategies.engulf_ma_strategy - INFO - [PriceActionPro_SOL/USDT] Analisando Price Action Pro + EMA 5 + SMMA 21 + RSI + ADX + Volume...
2026-03-26 12:16:00,988 - strategies.rsi_strategy - INFO - [RSIPro_XRP/USDT] Analisando RSI Pro + SMMA + Bandas de Bollinger + ADX + Volume...
2026-03-26 12:16:00,988 - strategies.ma_cross_strategy - INFO - [MACrossPro_XRP/USDT] A processar MA Cross Pro (EMA 5/13) + SMMA + RSI + ADX + Volume...
2026-03-26 12:16:00,993 - strategies.engulf_ma_strategy - INFO - [PriceActionPro_XRP/USDT] Analisando Price Action Pro + EMA 5 + SMMA 21 + RSI + ADX + Volume...
2026-03-26 12:16:01,002 - strategies.rsi_strategy - INFO - [RSIPro_ETH/USDT] Analisando RSI Pro + SMMA + Bandas de Bollinger + ADX + Volume...
2026-03-26 12:16:01,002 - strategies.ma_cross_strategy - INFO - [MACrossPro_ETH/USDT] A processar MA Cross Pro (EMA 5/13) + SMMA + RSI + ADX + Volume...
2026-03-26 12:16:01,003 - strategies.engulf_ma_strategy - INFO - [PriceActionPro_ETH/USDT] Analisando Price Action Pro + EMA 5 + SMMA 21 + RSI + ADX + Volume...
2026-03-26 12:16:01,641 - httpx - INFO - HTTP Request: POST https://api.telegram.org/bot8787313826:AAH5BcKXf7xJjTpg48VIc0kZCHiDstzBeNY/getUpdates "HTTP/1.1 200 OK"
2026-03-26 12:16:11,900 - httpx - INFO - HTTP Request: POST https://api.telegram.org/bot8787313826:AAH5BcKXf7xJjTpg48VIc0kZCHiDstzBeNY/getUpdates "HTTP/1.1 200 OK"
2026-03-26 12:16:22,106 - httpx - INFO - HTTP Request: POST https://api.telegram.org/bot8787313826:AAH5BcKXf7xJjTpg48VIc0kZCHiDstzBeNY/getUpdates "HTTP/1.1 200 OK"
2026-03-26 12:16:32,311 - httpx - INFO - HTTP Request: POST https://api.telegram.org/bot8787313826:AAH5BcKXf7xJjTpg48VIc0kZCHiDstzBeNY/getUpdates "HTTP/1.1 200 OK"
2026-03-26 12:16:42,520 - httpx - INFO - HTTP Request: POST https://api.telegram.org/bot8787313826:AAH5BcKXf7xJjTpg48VIc0kZCHiDstzBeNY/getUpdates "HTTP/1.1 200 OK"
2026-03-26 12:16:52,732 - httpx - INFO - HTTP Request: POST https://api.telegram.org/bot8787313826:AAH5BcKXf7xJjTpg48VIc0kZCHiDstzBeNY/getUpdates "HTTP/1.1 200 OK"
2026-03-26 12:17:00,980 - strategies.rsi_strategy - INFO - [RSIPro_ETH/USDT] Analisando RSI Pro + SMMA + Bandas de Bollinger + ADX + Volume...
2026-03-26 12:17:00,981 - strategies.ma_cross_strategy - INFO - [MACrossPro_ETH/USDT] A processar MA Cross Pro (EMA 5/13) + SMMA + RSI + ADX + Volume...
2026-03-26 12:17:00,985 - strategies.engulf_ma_strategy - INFO - [PriceActionPro_ETH/USDT] Analisando Price Action Pro + EMA 5 + SMMA 21 + RSI + ADX + Volume...
2026-03-26 12:17:00,990 - strategies.rsi_strategy - INFO - [RSIPro_XRP/USDT] Analisando RSI Pro + SMMA + Bandas de Bollinger + ADX + Volume...
2026-03-26 12:17:00,991 - strategies.ma_cross_strategy - INFO - [MACrossPro_XRP/USDT] A processar MA Cross Pro (EMA 5/13) + SMMA + RSI + ADX + Volume...
2026-03-26 12:17:00,991 - strategies.engulf_ma_strategy - INFO - [PriceActionPro_XRP/USDT] Analisando Price Action Pro + EMA 5 + SMMA 21 + RSI + ADX + Volume...
2026-03-26 12:17:00,991 - strategies.rsi_strategy - INFO - [RSIPro_SOL/USDT] Analisando RSI Pro + SMMA + Bandas de Bollinger + ADX + Volume...
2026-03-26 12:17:00,992 - strategies.ma_cross_strategy - INFO - [MACrossPro_SOL/USDT] A processar MA Cross Pro (EMA 5/13) + SMMA + RSI + ADX + Volume...
2026-03-26 12:17:00,992 - strategies.engulf_ma_strategy - INFO - [PriceActionPro_SOL/USDT] Analisando Price Action Pro + EMA 5 + SMMA 21 + RSI + ADX + Volume...
2026-03-26 12:17:02,975 - httpx - INFO - HTTP Request: POST https://api.telegram.org/bot8787313826:AAH5BcKXf7xJjTpg48VIc0kZCHiDstzBeNY/getUpdates "HTTP/1.1 200 OK"
2026-03-26 12:17:13,175 - httpx - INFO - HTTP Request: POST https://api.telegram.org/bot8787313826:AAH5BcKXf7xJjTpg48VIc0kZCHiDstzBeNY/getUpdates "HTTP/1.1 200 OK"
2026-03-26 12:17:23,377 - httpx - INFO - HTTP Request: POST https://api.telegram.org/bot8787313826:AAH5BcKXf7xJjTpg48VIc0kZCHiDstzBeNY/getUpdates "HTTP/1.1 200 OK"
2026-03-26 12:17:33,578 - httpx - INFO - HTTP Request: POST https://api.telegram.org/bot8787313826:AAH5BcKXf7xJjTpg48VIc0kZCHiDstzBeNY/getUpdates "HTTP/1.1 200 OK"
2026-03-26 12:17:43,787 - httpx - INFO - HTTP Request: POST https://api.telegram.org/bot8787313826:AAH5BcKXf7xJjTpg48VIc0kZCHiDstzBeNY/getUpdates "HTTP/1.1 200 OK"
2026-03-26 12:17:54,002 - httpx - INFO - HTTP Request: POST https://api.telegram.org/bot8787313826:AAH5BcKXf7xJjTpg48VIc0kZCHiDstzBeNY/getUpdates "HTTP/1.1 200 OK"
2026-03-26 12:18:01,008 - strategies.rsi_strategy - INFO - [RSIPro_ETH/USDT] Analisando RSI Pro + SMMA + Bandas de Bollinger + ADX + Volume...
2026-03-26 12:18:01,009 - strategies.ma_cross_strategy - INFO - [MACrossPro_ETH/USDT] A processar MA Cross Pro (EMA 5/13) + SMMA + RSI + ADX + Volume...
2026-03-26 12:18:01,009 - strategies.engulf_ma_strategy - INFO - [PriceActionPro_ETH/USDT] Analisando Price Action Pro + EMA 5 + SMMA 21 + RSI + ADX + Volume...
2026-03-26 12:18:01,010 - strategies.rsi_strategy - INFO - [RSIPro_SOL/USDT] Analisando RSI Pro + SMMA + Bandas de Bollinger + ADX + Volume...
2026-03-26 12:18:01,010 - strategies.ma_cross_strategy - INFO - [MACrossPro_SOL/USDT] A processar MA Cross Pro (EMA 5/13) + SMMA + RSI + ADX + Volume...
2026-03-26 12:18:01,010 - strategies.engulf_ma_strategy - INFO - [PriceActionPro_SOL/USDT] Analisando Price Action Pro + EMA 5 + SMMA 21 + RSI + ADX + Volume...
2026-03-26 12:18:01,011 - strategies.rsi_strategy - INFO - [RSIPro_XRP/USDT] Analisando RSI Pro + SMMA + Bandas de Bollinger + ADX + Volume...
2026-03-26 12:18:01,012 - strategies.ma_cross_strategy - INFO - [MACrossPro_XRP/USDT] A processar MA Cross Pro (EMA 5/13) + SMMA + RSI + ADX + Volume...
2026-03-26 12:18:01,013 - strategies.engulf_ma_strategy - INFO - [PriceActionPro_XRP/USDT] Analisando Price Action Pro + EMA 5 + SMMA 21 + RSI + ADX + Volume...
2026-03-26 12:18:05,098 - httpx - INFO - HTTP Request: POST https://api.telegram.org/bot8787313826:AAH5BcKXf7xJjTpg48VIc0kZCHiDstzBeNY/getUpdates "HTTP/1.1 200 OK"
2026-03-26 12:18:15,302 - httpx - INFO - HTTP Request: POST https://api.telegram.org/bot8787313826:AAH5BcKXf7xJjTpg48VIc0kZCHiDstzBeNY/getUpdates "HTTP/1.1 200 OK"
2026-03-26 12:18:25,961 - httpx - INFO - HTTP Request: POST https://api.telegram.org/bot8787313826:AAH5BcKXf7xJjTpg48VIc0kZCHiDstzBeNY/getUpdates "HTTP/1.1 200 OK"
2026-03-26 12:18:36,626 - httpx - INFO - HTTP Request: POST https://api.telegram.org/bot8787313826:AAH5BcKXf7xJjTpg48VIc0kZCHiDstzBeNY/getUpdates "HTTP/1.1 200 OK"
2026-03-26 12:18:46,865 - httpx - INFO - HTTP Request: POST https://api.telegram.org/bot8787313826:AAH5BcKXf7xJjTpg48VIc0kZCHiDstzBeNY/getUpdates "HTTP/1.1 200 OK"
2026-03-26 12:18:57,544 - httpx - INFO - HTTP Request: POST https://api.telegram.org/bot8787313826:AAH5BcKXf7xJjTpg48VIc0kZCHiDstzBeNY/getUpdates "HTTP/1.1 200 OK"
2026-03-26 12:19:00,992 - strategies.rsi_strategy - INFO - [RSIPro_XRP/USDT] Analisando RSI Pro + SMMA + Bandas de Bollinger + ADX + Volume...
2026-03-26 12:19:00,998 - strategies.ma_cross_strategy - INFO - [MACrossPro_XRP/USDT] A processar MA Cross Pro (EMA 5/13) + SMMA + RSI + ADX + Volume...
2026-03-26 12:19:00,999 - strategies.engulf_ma_strategy - INFO - [PriceActionPro_XRP/USDT] Analisando Price Action Pro + EMA 5 + SMMA 21 + RSI + ADX + Volume...
2026-03-26 12:19:01,000 - strategies.rsi_strategy - INFO - [RSIPro_SOL/USDT] Analisando RSI Pro + SMMA + Bandas de Bollinger + ADX + Volume...
2026-03-26 12:19:01,002 - strategies.ma_cross_strategy - INFO - [MACrossPro_SOL/USDT] A processar MA Cross Pro (EMA 5/13) + SMMA + RSI + ADX + Volume...
2026-03-26 12:19:01,003 - strategies.engulf_ma_strategy - INFO - [PriceActionPro_SOL/USDT] Analisando Price Action Pro + EMA 5 + SMMA 21 + RSI + ADX + Volume...
2026-03-26 12:19:01,003 - strategies.rsi_strategy - INFO - [RSIPro_ETH/USDT] Analisando RSI Pro + SMMA + Bandas de Bollinger + ADX + Volume...
2026-03-26 12:19:01,003 - strategies.ma_cross_strategy - INFO - [MACrossPro_ETH/USDT] A processar MA Cross Pro (EMA 5/13) + SMMA + RSI + ADX + Volume...
2026-03-26 12:19:01,003 - strategies.engulf_ma_strategy - INFO - [PriceActionPro_ETH/USDT] Analisando Price Action Pro + EMA 5 + SMMA 21 + RSI + ADX + Volume...
2026-03-26 12:19:07,749 - httpx - INFO - HTTP Request: POST https://api.telegram.org/bot8787313826:AAH5BcKXf7xJjTpg48VIc0kZCHiDstzBeNY/getUpdates "HTTP/1.1 200 OK"
2026-03-26 12:19:17,963 - httpx - INFO - HTTP Request: POST https://api.telegram.org/bot8787313826:AAH5BcKXf7xJjTpg48VIc0kZCHiDstzBeNY/getUpdates "HTTP/1.1 200 OK"
2026-03-26 12:19:28,205 - httpx - INFO - HTTP Request: POST https://api.telegram.org/bot8787313826:AAH5BcKXf7xJjTpg48VIc0kZCHiDstzBeNY/getUpdates "HTTP/1.1 200 OK"
2026-03-26 12:19:38,417 - httpx - INFO - HTTP Request: POST https://api.telegram.org/bot8787313826:AAH5BcKXf7xJjTpg48VIc0kZCHiDstzBeNY/getUpdates "HTTP/1.1 200 OK"
2026-03-26 12:19:48,662 - httpx - INFO - HTTP Request: POST https://api.telegram.org/bot8787313826:AAH5BcKXf7xJjTpg48VIc0kZCHiDstzBeNY/getUpdates "HTTP/1.1 200 OK"
2026-03-26 12:19:59,337 - httpx - INFO - HTTP Request: POST https://api.telegram.org/bot8787313826:AAH5BcKXf7xJjTpg48VIc0kZCHiDstzBeNY/getUpdates "HTTP/1.1 200 OK"
2026-03-26 12:20:01,004 - strategies.rsi_strategy - INFO - [RSIPro_ETH/USDT] Analisando RSI Pro + SMMA + Bandas de Bollinger + ADX + Volume...
2026-03-26 12:20:01,005 - strategies.ma_cross_strategy - INFO - [MACrossPro_ETH/USDT] A processar MA Cross Pro (EMA 5/13) + SMMA + RSI + ADX + Volume...
2026-03-26 12:20:01,005 - strategies.engulf_ma_strategy - INFO - [PriceActionPro_ETH/USDT] Analisando Price Action Pro + EMA 5 + SMMA 21 + RSI + ADX + Volume...
2026-03-26 12:20:01,006 - strategies.rsi_strategy - INFO - [RSIPro_XRP/USDT] Analisando RSI Pro + SMMA + Bandas de Bollinger + ADX + Volume...
2026-03-26 12:20:01,006 - strategies.ma_cross_strategy - INFO - [MACrossPro_XRP/USDT] A processar MA Cross Pro (EMA 5/13) + SMMA + RSI + ADX + Volume...
2026-03-26 12:20:01,006 - strategies.engulf_ma_strategy - INFO - [PriceActionPro_XRP/USDT] Analisando Price Action Pro + EMA 5 + SMMA 21 + RSI + ADX + Volume...
2026-03-26 12:20:01,007 - strategies.rsi_strategy - INFO - [RSIPro_SOL/USDT] Analisando RSI Pro + SMMA + Bandas de Bollinger + ADX + Volume...
2026-03-26 12:20:01,007 - strategies.ma_cross_strategy - INFO - [MACrossPro_SOL/USDT] A processar MA Cross Pro (EMA 5/13) + SMMA + RSI + ADX + Volume...
2026-03-26 12:20:01,007 - strategies.engulf_ma_strategy - INFO - [PriceActionPro_SOL/USDT] Analisando Price Action Pro + EMA 5 + SMMA 21 + RSI + ADX + Volume...
2026-03-26 12:20:09,577 - httpx - INFO - HTTP Request: POST https://api.telegram.org/bot8787313826:AAH5BcKXf7xJjTpg48VIc0kZCHiDstzBeNY/getUpdates "HTTP/1.1 200 OK"
2026-03-26 12:20:19,784 - httpx - INFO - HTTP Request: POST https://api.telegram.org/bot8787313826:AAH5BcKXf7xJjTpg48VIc0kZCHiDstzBeNY/getUpdates "HTTP/1.1 200 OK"
2026-03-26 12:20:29,996 - httpx - INFO - HTTP Request: POST https://api.telegram.org/bot8787313826:AAH5BcKXf7xJjTpg48VIc0kZCHiDstzBeNY/getUpdates "HTTP/1.1 200 OK"
2026-03-26 12:20:40,211 - httpx - INFO - HTTP Request: POST https://api.telegram.org/bot8787313826:AAH5BcKXf7xJjTpg48VIc0kZCHiDstzBeNY/getUpdates "HTTP/1.1 200 OK"
2026-03-26 12:20:50,440 - httpx - INFO - HTTP Request: POST https://api.telegram.org/bot8787313826:AAH5BcKXf7xJjTpg48VIc0kZCHiDstzBeNY/getUpdates "HTTP/1.1 200 OK"
2026-03-26 12:21:00,655 - httpx - INFO - HTTP Request: POST https://api.telegram.org/bot8787313826:AAH5BcKXf7xJjTpg48VIc0kZCHiDstzBeNY/getUpdates "HTTP/1.1 200 OK"
2026-03-26 12:21:01,008 - strategies.rsi_strategy - INFO - [RSIPro_SOL/USDT] Analisando RSI Pro + SMMA + Bandas de Bollinger + ADX + Volume...
2026-03-26 12:21:01,011 - strategies.ma_cross_strategy - INFO - [MACrossPro_SOL/USDT] A processar MA Cross Pro (EMA 5/13) + SMMA + RSI + ADX + Volume...
2026-03-26 12:21:01,012 - strategies.engulf_ma_strategy - INFO - [PriceActionPro_SOL/USDT] Analisando Price Action Pro + EMA 5 + SMMA 21 + RSI + ADX + Volume...
2026-03-26 12:21:01,013 - strategies.rsi_strategy - INFO - [RSIPro_XRP/USDT] Analisando RSI Pro + SMMA + Bandas de Bollinger + ADX + Volume...
2026-03-26 12:21:01,013 - strategies.ma_cross_strategy - INFO - [MACrossPro_XRP/USDT] A processar MA Cross Pro (EMA 5/13) + SMMA + RSI + ADX + Volume...
2026-03-26 12:21:01,013 - strategies.engulf_ma_strategy - INFO - [PriceActionPro_XRP/USDT] Analisando Price Action Pro + EMA 5 + SMMA 21 + RSI + ADX + Volume...
2026-03-26 12:21:01,014 - strategies.rsi_strategy - INFO - [RSIPro_ETH/USDT] Analisando RSI Pro + SMMA + Bandas de Bollinger + ADX + Volume...
2026-03-26 12:21:01,014 - strategies.ma_cross_strategy - INFO - [MACrossPro_ETH/USDT] A processar MA Cross Pro (EMA 5/13) + SMMA + RSI + ADX + Volume...
2026-03-26 12:21:01,014 - strategies.engulf_ma_strategy - INFO - [PriceActionPro_ETH/USDT] Analisando Price Action Pro + EMA 5 + SMMA 21 + RSI + ADX + Volume...
2026-03-26 12:21:11,314 - httpx - INFO - HTTP Request: POST https://api.telegram.org/bot8787313826:AAH5BcKXf7xJjTpg48VIc0kZCHiDstzBeNY/getUpdates "HTTP/1.1 200 OK"
2026-03-26 12:21:21,555 - httpx - INFO - HTTP Request: POST https://api.telegram.org/bot8787313826:AAH5BcKXf7xJjTpg48VIc0kZCHiDstzBeNY/getUpdates "HTTP/1.1 200 OK"
2026-03-26 12:21:31,763 - httpx - INFO - HTTP Request: POST https://api.telegram.org/bot8787313826:AAH5BcKXf7xJjTpg48VIc0kZCHiDstzBeNY/getUpdates "HTTP/1.1 200 OK"
2026-03-26 12:21:41,982 - httpx - INFO - HTTP Request: POST https://api.telegram.org/bot8787313826:AAH5BcKXf7xJjTpg48VIc0kZCHiDstzBeNY/getUpdates "HTTP/1.1 200 OK"
2026-03-26 12:21:52,187 - httpx - INFO - HTTP Request: POST https://api.telegram.org/bot8787313826:AAH5BcKXf7xJjTpg48VIc0kZCHiDstzBeNY/getUpdates "HTTP/1.1 200 OK"
2026-03-26 12:22:00,994 - strategies.rsi_strategy - INFO - [RSIPro_ETH/USDT] Analisando RSI Pro + SMMA + Bandas de Bollinger + ADX + Volume...
2026-03-26 12:22:00,997 - strategies.ma_cross_strategy - INFO - [MACrossPro_ETH/USDT] A processar MA Cross Pro (EMA 5/13) + SMMA + RSI + ADX + Volume...
2026-03-26 12:22:00,999 - strategies.engulf_ma_strategy - INFO - [PriceActionPro_ETH/USDT] Analisando Price Action Pro + EMA 5 + SMMA 21 + RSI + ADX + Volume...
2026-03-26 12:22:01,000 - strategies.rsi_strategy - INFO - [RSIPro_XRP/USDT] Analisando RSI Pro + SMMA + Bandas de Bollinger + ADX + Volume...
2026-03-26 12:22:01,000 - strategies.ma_cross_strategy - INFO - [MACrossPro_XRP/USDT] A processar MA Cross Pro (EMA 5/13) + SMMA + RSI + ADX + Volume...
2026-03-26 12:22:01,000 - strategies.engulf_ma_strategy - INFO - [PriceActionPro_XRP/USDT] Analisando Price Action Pro + EMA 5 + SMMA 21 + RSI + ADX + Volume...
2026-03-26 12:22:01,001 - strategies.rsi_strategy - INFO - [RSIPro_SOL/USDT] Analisando RSI Pro + SMMA + Bandas de Bollinger + ADX + Volume...
2026-03-26 12:22:01,001 - strategies.ma_cross_strategy - INFO - [MACrossPro_SOL/USDT] A processar MA Cross Pro (EMA 5/13) + SMMA + RSI + ADX + Volume...
2026-03-26 12:22:01,002 - strategies.engulf_ma_strategy - INFO - [PriceActionPro_SOL/USDT] Analisando Price Action Pro + EMA 5 + SMMA 21 + RSI + ADX + Volume...
2026-03-26 12:22:04,142 - httpx - INFO - HTTP Request: POST https://api.telegram.org/bot8787313826:AAH5BcKXf7xJjTpg48VIc0kZCHiDstzBeNY/getUpdates "HTTP/1.1 200 OK"
2026-03-26 12:22:14,408 - httpx - INFO - HTTP Request: POST https://api.telegram.org/bot8787313826:AAH5BcKXf7xJjTpg48VIc0kZCHiDstzBeNY/getUpdates "HTTP/1.1 200 OK"
2026-03-26 12:22:24,614 - httpx - INFO - HTTP Request: POST https://api.telegram.org/bot8787313826:AAH5BcKXf7xJjTpg48VIc0kZCHiDstzBeNY/getUpdates "HTTP/1.1 200 OK"
2026-03-26 12:22:34,826 - httpx - INFO - HTTP Request: POST https://api.telegram.org/bot8787313826:AAH5BcKXf7xJjTpg48VIc0kZCHiDstzBeNY/getUpdates "HTTP/1.1 200 OK"
2026-03-26 12:22:45,439 - httpx - INFO - HTTP Request: POST https://api.telegram.org/bot8787313826:AAH5BcKXf7xJjTpg48VIc0kZCHiDstzBeNY/getUpdates "HTTP/1.1 200 OK"
2026-03-26 12:22:55,652 - httpx - INFO - HTTP Request: POST https://api.telegram.org/bot8787313826:AAH5BcKXf7xJjTpg48VIc0kZCHiDstzBeNY/getUpdates "HTTP/1.1 200 OK"
2026-03-26 12:23:01,003 - strategies.rsi_strategy - INFO - [RSIPro_ETH/USDT] Analisando RSI Pro + SMMA + Bandas de Bollinger + ADX + Volume...
2026-03-26 12:23:01,003 - strategies.ma_cross_strategy - INFO - [MACrossPro_ETH/USDT] A processar MA Cross Pro (EMA 5/13) + SMMA + RSI + ADX + Volume...
2026-03-26 12:23:01,004 - strategies.engulf_ma_strategy - INFO - [PriceActionPro_ETH/USDT] Analisando Price Action Pro + EMA 5 + SMMA 21 + RSI + ADX + Volume...
2026-03-26 12:23:01,004 - strategies.rsi_strategy - INFO - [RSIPro_SOL/USDT] Analisando RSI Pro + SMMA + Bandas de Bollinger + ADX + Volume...
2026-03-26 12:23:01,005 - strategies.ma_cross_strategy - INFO - [MACrossPro_SOL/USDT] A processar MA Cross Pro (EMA 5/13) + SMMA + RSI + ADX + Volume...
2026-03-26 12:23:01,005 - strategies.engulf_ma_strategy - INFO - [PriceActionPro_SOL/USDT] Analisando Price Action Pro + EMA 5 + SMMA 21 + RSI + ADX + Volume...
2026-03-26 12:23:01,005 - strategies.rsi_strategy - INFO - [RSIPro_XRP/USDT] Analisando RSI Pro + SMMA + Bandas de Bollinger + ADX + Volume...
2026-03-26 12:23:01,005 - strategies.ma_cross_strategy - INFO - [MACrossPro_XRP/USDT] A processar MA Cross Pro (EMA 5/13) + SMMA + RSI + ADX + Volume...
2026-03-26 12:23:01,006 - strategies.engulf_ma_strategy - INFO - [PriceActionPro_XRP/USDT] Analisando Price Action Pro + EMA 5 + SMMA 21 + RSI + ADX + Volume...
2026-03-26 12:23:05,861 - httpx - INFO - HTTP Request: POST https://api.telegram.org/bot8787313826:AAH5BcKXf7xJjTpg48VIc0kZCHiDstzBeNY/getUpdates "HTTP/1.1 200 OK"
2026-03-26 12:23:16,100 - httpx - INFO - HTTP Request: POST https://api.telegram.org/bot8787313826:AAH5BcKXf7xJjTpg48VIc0kZCHiDstzBeNY/getUpdates "HTTP/1.1 200 OK"
2026-03-26 12:23:26,322 - httpx - INFO - HTTP Request: POST https://api.telegram.org/bot8787313826:AAH5BcKXf7xJjTpg48VIc0kZCHiDstzBeNY/getUpdates "HTTP/1.1 200 OK"
2026-03-26 12:23:36,525 - httpx - INFO - HTTP Request: POST https://api.telegram.org/bot8787313826:AAH5BcKXf7xJjTpg48VIc0kZCHiDstzBeNY/getUpdates "HTTP/1.1 200 OK"
2026-03-26 12:23:46,734 - httpx - INFO - HTTP Request: POST https://api.telegram.org/bot8787313826:AAH5BcKXf7xJjTpg48VIc0kZCHiDstzBeNY/getUpdates "HTTP/1.1 200 OK"
2026-03-26 12:23:56,945 - httpx - INFO - HTTP Request: POST https://api.telegram.org/bot8787313826:AAH5BcKXf7xJjTpg48VIc0kZCHiDstzBeNY/getUpdates "HTTP/1.1 200 OK"
2026-03-26 12:24:00,997 - strategies.rsi_strategy - INFO - [RSIPro_ETH/USDT] Analisando RSI Pro + SMMA + Bandas de Bollinger + ADX + Volume...
2026-03-26 12:24:00,998 - strategies.ma_cross_strategy - INFO - [MACrossPro_ETH/USDT] A processar MA Cross Pro (EMA 5/13) + SMMA + RSI + ADX + Volume...
2026-03-26 12:24:00,999 - strategies.engulf_ma_strategy - INFO - [PriceActionPro_ETH/USDT] Analisando Price Action Pro + EMA 5 + SMMA 21 + RSI + ADX + Volume...
2026-03-26 12:24:01,000 - strategies.rsi_strategy - INFO - [RSIPro_SOL/USDT] Analisando RSI Pro + SMMA + Bandas de Bollinger + ADX + Volume...
2026-03-26 12:24:01,000 - strategies.ma_cross_strategy - INFO - [MACrossPro_SOL/USDT] A processar MA Cross Pro (EMA 5/13) + SMMA + RSI + ADX + Volume...
2026-03-26 12:24:01,001 - strategies.engulf_ma_strategy - INFO - [PriceActionPro_SOL/USDT] Analisando Price Action Pro + EMA 5 + SMMA 21 + RSI + ADX + Volume...
2026-03-26 12:24:01,001 - strategies.rsi_strategy - INFO - [RSIPro_XRP/USDT] Analisando RSI Pro + SMMA + Bandas de Bollinger + ADX + Volume...
2026-03-26 12:24:01,001 - strategies.ma_cross_strategy - INFO - [MACrossPro_XRP/USDT] A processar MA Cross Pro (EMA 5/13) + SMMA + RSI + ADX + Volume...
2026-03-26 12:24:01,002 - strategies.engulf_ma_strategy - INFO - [PriceActionPro_XRP/USDT] Analisando Price Action Pro + EMA 5 + SMMA 21 + RSI + ADX + Volume...
2026-03-26 12:24:07,637 - httpx - INFO - HTTP Request: POST https://api.telegram.org/bot8787313826:AAH5BcKXf7xJjTpg48VIc0kZCHiDstzBeNY/getUpdates "HTTP/1.1 200 OK"
2026-03-26 12:24:17,915 - httpx - INFO - HTTP Request: POST https://api.telegram.org/bot8787313826:AAH5BcKXf7xJjTpg48VIc0kZCHiDstzBeNY/getUpdates "HTTP/1.1 200 OK"
2026-03-26 12:24:28,132 - httpx - INFO - HTTP Request: POST https://api.telegram.org/bot8787313826:AAH5BcKXf7xJjTpg48VIc0kZCHiDstzBeNY/getUpdates "HTTP/1.1 200 OK"
2026-03-26 12:24:38,804 - httpx - INFO - HTTP Request: POST https://api.telegram.org/bot8787313826:AAH5BcKXf7xJjTpg48VIc0kZCHiDstzBeNY/getUpdates "HTTP/1.1 200 OK"
2026-03-26 12:24:49,005 - httpx - INFO - HTTP Request: POST https://api.telegram.org/bot8787313826:AAH5BcKXf7xJjTpg48VIc0kZCHiDstzBeNY/getUpdates "HTTP/1.1 200 OK"
2026-03-26 12:25:01,023 - strategies.rsi_strategy - INFO - [RSIPro_XRP/USDT] Analisando RSI Pro + SMMA + Bandas de Bollinger + ADX + Volume...
2026-03-26 12:25:01,042 - strategies.ma_cross_strategy - INFO - [MACrossPro_XRP/USDT] A processar MA Cross Pro (EMA 5/13) + SMMA + RSI + ADX + Volume...
2026-03-26 12:25:01,043 - strategies.engulf_ma_strategy - INFO - [PriceActionPro_XRP/USDT] Analisando Price Action Pro + EMA 5 + SMMA 21 + RSI + ADX + Volume...
2026-03-26 12:25:01,044 - strategies.rsi_strategy - INFO - [RSIPro_ETH/USDT] Analisando RSI Pro + SMMA + Bandas de Bollinger + ADX + Volume...
2026-03-26 12:25:01,044 - strategies.ma_cross_strategy - INFO - [MACrossPro_ETH/USDT] A processar MA Cross Pro (EMA 5/13) + SMMA + RSI + ADX + Volume...
2026-03-26 12:25:01,045 - strategies.engulf_ma_strategy - INFO - [PriceActionPro_ETH/USDT] Analisando Price Action Pro + EMA 5 + SMMA 21 + RSI + ADX + Volume...
2026-03-26 12:25:01,045 - strategies.rsi_strategy - INFO - [RSIPro_SOL/USDT] Analisando RSI Pro + SMMA + Bandas de Bollinger + ADX + Volume...
2026-03-26 12:25:01,046 - strategies.ma_cross_strategy - INFO - [MACrossPro_SOL/USDT] A processar MA Cross Pro (EMA 5/13) + SMMA + RSI + ADX + Volume...
2026-03-26 12:25:01,049 - strategies.engulf_ma_strategy - INFO - [PriceActionPro_SOL/USDT] Analisando Price Action Pro + EMA 5 + SMMA 21 + RSI + ADX + Volume...
2026-03-26 12:25:02,225 - httpx - INFO - HTTP Request: POST https://api.telegram.org/bot8787313826:AAH5BcKXf7xJjTpg48VIc0kZCHiDstzBeNY/getUpdates "HTTP/1.1 200 OK"
2026-03-26 12:25:12,462 - httpx - INFO - HTTP Request: POST https://api.telegram.org/bot8787313826:AAH5BcKXf7xJjTpg48VIc0kZCHiDstzBeNY/getUpdates "HTTP/1.1 200 OK"
2026-03-26 12:25:22,700 - httpx - INFO - HTTP Request: POST https://api.telegram.org/bot8787313826:AAH5BcKXf7xJjTpg48VIc0kZCHiDstzBeNY/getUpdates "HTTP/1.1 200 OK"
2026-03-26 12:25:33,391 - httpx - INFO - HTTP Request: POST https://api.telegram.org/bot8787313826:AAH5BcKXf7xJjTpg48VIc0kZCHiDstzBeNY/getUpdates "HTTP/1.1 200 OK"
2026-03-26 12:25:43,591 - httpx - INFO - HTTP Request: POST https://api.telegram.org/bot8787313826:AAH5BcKXf7xJjTpg48VIc0kZCHiDstzBeNY/getUpdates "HTTP/1.1 200 OK"
2026-03-26 12:25:53,811 - httpx - INFO - HTTP Request: POST https://api.telegram.org/bot8787313826:AAH5BcKXf7xJjTpg48VIc0kZCHiDstzBeNY/getUpdates "HTTP/1.1 200 OK"
2026-03-26 12:26:01,001 - strategies.rsi_strategy - INFO - [RSIPro_SOL/USDT] Analisando RSI Pro + SMMA + Bandas de Bollinger + ADX + Volume...
2026-03-26 12:26:01,002 - strategies.ma_cross_strategy - INFO - [MACrossPro_SOL/USDT] A processar MA Cross Pro (EMA 5/13) + SMMA + RSI + ADX + Volume...
2026-03-26 12:26:01,002 - strategies.engulf_ma_strategy - INFO - [PriceActionPro_SOL/USDT] Analisando Price Action Pro + EMA 5 + SMMA 21 + RSI + ADX + Volume...
2026-03-26 12:26:01,002 - strategies.rsi_strategy - INFO - [RSIPro_XRP/USDT] Analisando RSI Pro + SMMA + Bandas de Bollinger + ADX + Volume...
2026-03-26 12:26:01,003 - strategies.ma_cross_strategy - INFO - [MACrossPro_XRP/USDT] A processar MA Cross Pro (EMA 5/13) + SMMA + RSI + ADX + Volume...
2026-03-26 12:26:01,004 - strategies.engulf_ma_strategy - INFO - [PriceActionPro_XRP/USDT] Analisando Price Action Pro + EMA 5 + SMMA 21 + RSI + ADX + Volume...
2026-03-26 12:26:01,004 - strategies.rsi_strategy - INFO - [RSIPro_ETH/USDT] Analisando RSI Pro + SMMA + Bandas de Bollinger + ADX + Volume...
2026-03-26 12:26:01,004 - strategies.ma_cross_strategy - INFO - [MACrossPro_ETH/USDT] A processar MA Cross Pro (EMA 5/13) + SMMA + RSI + ADX + Volume...
2026-03-26 12:26:01,005 - strategies.engulf_ma_strategy - INFO - [PriceActionPro_ETH/USDT] Analisando Price Action Pro + EMA 5 + SMMA 21 + RSI + ADX + Volume...
2026-03-26 12:26:04,012 - httpx - INFO - HTTP Request: POST https://api.telegram.org/bot8787313826:AAH5BcKXf7xJjTpg48VIc0kZCHiDstzBeNY/getUpdates "HTTP/1.1 200 OK"
2026-03-26 12:26:14,248 - httpx - INFO - HTTP Request: POST https://api.telegram.org/bot8787313826:AAH5BcKXf7xJjTpg48VIc0kZCHiDstzBeNY/getUpdates "HTTP/1.1 200 OK"
2026-03-26 12:26:24,910 - httpx - INFO - HTTP Request: POST https://api.telegram.org/bot8787313826:AAH5BcKXf7xJjTpg48VIc0kZCHiDstzBeNY/getUpdates "HTTP/1.1 200 OK"
2026-03-26 12:26:36,018 - httpx - INFO - HTTP Request: POST https://api.telegram.org/bot8787313826:AAH5BcKXf7xJjTpg48VIc0kZCHiDstzBeNY/getUpdates "HTTP/1.1 200 OK"
2026-03-26 12:26:46,288 - httpx - INFO - HTTP Request: POST https://api.telegram.org/bot8787313826:AAH5BcKXf7xJjTpg48VIc0kZCHiDstzBeNY/getUpdates "HTTP/1.1 200 OK"
2026-03-26 12:26:56,944 - httpx - INFO - HTTP Request: POST https://api.telegram.org/bot8787313826:AAH5BcKXf7xJjTpg48VIc0kZCHiDstzBeNY/getUpdates "HTTP/1.1 200 OK"
2026-03-26 12:27:01,001 - strategies.rsi_strategy - INFO - [RSIPro_SOL/USDT] Analisando RSI Pro + SMMA + Bandas de Bollinger + ADX + Volume...
2026-03-26 12:27:01,001 - strategies.ma_cross_strategy - INFO - [MACrossPro_SOL/USDT] A processar MA Cross Pro (EMA 5/13) + SMMA + RSI + ADX + Volume...
2026-03-26 12:27:01,002 - strategies.engulf_ma_strategy - INFO - [PriceActionPro_SOL/USDT] Analisando Price Action Pro + EMA 5 + SMMA 21 + RSI + ADX + Volume...
2026-03-26 12:27:01,002 - strategies.rsi_strategy - INFO - [RSIPro_XRP/USDT] Analisando RSI Pro + SMMA + Bandas de Bollinger + ADX + Volume...
2026-03-26 12:27:01,002 - strategies.ma_cross_strategy - INFO - [MACrossPro_XRP/USDT] A processar MA Cross Pro (EMA 5/13) + SMMA + RSI + ADX + Volume...
2026-03-26 12:27:01,003 - strategies.engulf_ma_strategy - INFO - [PriceActionPro_XRP/USDT] Analisando Price Action Pro + EMA 5 + SMMA 21 + RSI + ADX + Volume...
2026-03-26 12:27:01,003 - strategies.rsi_strategy - INFO - [RSIPro_ETH/USDT] Analisando RSI Pro + SMMA + Bandas de Bollinger + ADX + Volume...
2026-03-26 12:27:01,004 - strategies.ma_cross_strategy - INFO - [MACrossPro_ETH/USDT] A processar MA Cross Pro (EMA 5/13) + SMMA + RSI + ADX + Volume...
2026-03-26 12:27:01,004 - strategies.engulf_ma_strategy - INFO - [PriceActionPro_ETH/USDT] Analisando Price Action Pro + EMA 5 + SMMA 21 + RSI + ADX + Volume...
2026-03-26 12:27:07,298 - httpx - INFO - HTTP Request: POST https://api.telegram.org/bot8787313826:AAH5BcKXf7xJjTpg48VIc0kZCHiDstzBeNY/getUpdates "HTTP/1.1 200 OK"
2026-03-26 12:27:18,261 - httpx - INFO - HTTP Request: POST https://api.telegram.org/bot8787313826:AAH5BcKXf7xJjTpg48VIc0kZCHiDstzBeNY/getUpdates "HTTP/1.1 200 OK"
2026-03-26 12:27:31,031 - httpx - INFO - HTTP Request: POST https://api.telegram.org/bot8787313826:AAH5BcKXf7xJjTpg48VIc0kZCHiDstzBeNY/getUpdates "HTTP/1.1 200 OK"
2026-03-26 12:27:41,380 - httpx - INFO - HTTP Request: POST https://api.telegram.org/bot8787313826:AAH5BcKXf7xJjTpg48VIc0kZCHiDstzBeNY/getUpdates "HTTP/1.1 200 OK"
2026-03-26 12:27:51,741 - httpx - INFO - HTTP Request: POST https://api.telegram.org/bot8787313826:AAH5BcKXf7xJjTpg48VIc0kZCHiDstzBeNY/getUpdates "HTTP/1.1 200 OK"
2026-03-26 12:28:00,989 - strategies.rsi_strategy - INFO - [RSIPro_SOL/USDT] Analisando RSI Pro + SMMA + Bandas de Bollinger + ADX + Volume...
2026-03-26 12:28:00,990 - strategies.ma_cross_strategy - INFO - [MACrossPro_SOL/USDT] A processar MA Cross Pro (EMA 5/13) + SMMA + RSI + ADX + Volume...
2026-03-26 12:28:00,991 - strategies.engulf_ma_strategy - INFO - [PriceActionPro_SOL/USDT] Analisando Price Action Pro + EMA 5 + SMMA 21 + RSI + ADX + Volume...
2026-03-26 12:28:00,992 - strategies.rsi_strategy - INFO - [RSIPro_ETH/USDT] Analisando RSI Pro + SMMA + Bandas de Bollinger + ADX + Volume...
2026-03-26 12:28:00,992 - strategies.ma_cross_strategy - INFO - [MACrossPro_ETH/USDT] A processar MA Cross Pro (EMA 5/13) + SMMA + RSI + ADX + Volume...
2026-03-26 12:28:00,993 - strategies.engulf_ma_strategy - INFO - [PriceActionPro_ETH/USDT] Analisando Price Action Pro + EMA 5 + SMMA 21 + RSI + ADX + Volume...
2026-03-26 12:28:00,993 - strategies.rsi_strategy - INFO - [RSIPro_XRP/USDT] Analisando RSI Pro + SMMA + Bandas de Bollinger + ADX + Volume...
2026-03-26 12:28:00,994 - strategies.ma_cross_strategy - INFO - [MACrossPro_XRP/USDT] A processar MA Cross Pro (EMA 5/13) + SMMA + RSI + ADX + Volume...
2026-03-26 12:28:00,994 - strategies.engulf_ma_strategy - INFO - [PriceActionPro_XRP/USDT] Analisando Price Action Pro + EMA 5 + SMMA 21 + RSI + ADX + Volume...
2026-03-26 12:28:01,950 - httpx - INFO - HTTP Request: POST https://api.telegram.org/bot8787313826:AAH5BcKXf7xJjTpg48VIc0kZCHiDstzBeNY/getUpdates "HTTP/1.1 200 OK"
2026-03-26 12:28:12,150 - httpx - INFO - HTTP Request: POST https://api.telegram.org/bot8787313826:AAH5BcKXf7xJjTpg48VIc0kZCHiDstzBeNY/getUpdates "HTTP/1.1 200 OK"
2026-03-26 12:28:22,358 - httpx - INFO - HTTP Request: POST https://api.telegram.org/bot8787313826:AAH5BcKXf7xJjTpg48VIc0kZCHiDstzBeNY/getUpdates "HTTP/1.1 200 OK"
2026-03-26 12:28:32,561 - httpx - INFO - HTTP Request: POST https://api.telegram.org/bot8787313826:AAH5BcKXf7xJjTpg48VIc0kZCHiDstzBeNY/getUpdates "HTTP/1.1 200 OK"
2026-03-26 12:28:42,775 - httpx - INFO - HTTP Request: POST https://api.telegram.org/bot8787313826:AAH5BcKXf7xJjTpg48VIc0kZCHiDstzBeNY/getUpdates "HTTP/1.1 200 OK"
2026-03-26 12:28:52,982 - httpx - INFO - HTTP Request: POST https://api.telegram.org/bot8787313826:AAH5BcKXf7xJjTpg48VIc0kZCHiDstzBeNY/getUpdates "HTTP/1.1 200 OK"
2026-03-26 12:29:01,012 - strategies.rsi_strategy - INFO - [RSIPro_XRP/USDT] Analisando RSI Pro + SMMA + Bandas de Bollinger + ADX + Volume...
2026-03-26 12:29:01,012 - strategies.ma_cross_strategy - INFO - [MACrossPro_XRP/USDT] A processar MA Cross Pro (EMA 5/13) + SMMA + RSI + ADX + Volume...
2026-03-26 12:29:01,013 - strategies.engulf_ma_strategy - INFO - [PriceActionPro_XRP/USDT] Analisando Price Action Pro + EMA 5 + SMMA 21 + RSI + ADX + Volume...
2026-03-26 12:29:01,016 - strategies.rsi_strategy - INFO - [RSIPro_ETH/USDT] Analisando RSI Pro + SMMA + Bandas de Bollinger + ADX + Volume...
2026-03-26 12:29:01,017 - strategies.ma_cross_strategy - INFO - [MACrossPro_ETH/USDT] A processar MA Cross Pro (EMA 5/13) + SMMA + RSI + ADX + Volume...
2026-03-26 12:29:01,017 - strategies.engulf_ma_strategy - INFO - [PriceActionPro_ETH/USDT] Analisando Price Action Pro + EMA 5 + SMMA 21 + RSI + ADX + Volume...
2026-03-26 12:29:01,017 - strategies.rsi_strategy - INFO - [RSIPro_SOL/USDT] Analisando RSI Pro + SMMA + Bandas de Bollinger + ADX + Volume...
2026-03-26 12:29:01,017 - strategies.ma_cross_strategy - INFO - [MACrossPro_SOL/USDT] A processar MA Cross Pro (EMA 5/13) + SMMA + RSI + ADX + Volume...
2026-03-26 12:29:01,018 - strategies.engulf_ma_strategy - INFO - [PriceActionPro_SOL/USDT] Analisando Price Action Pro + EMA 5 + SMMA 21 + RSI + ADX + Volume...
2026-03-26 12:29:03,799 - httpx - INFO - HTTP Request: POST https://api.telegram.org/bot8787313826:AAH5BcKXf7xJjTpg48VIc0kZCHiDstzBeNY/getUpdates "HTTP/1.1 200 OK"
2026-03-26 12:29:17,556 - httpx - INFO - HTTP Request: POST https://api.telegram.org/bot8787313826:AAH5BcKXf7xJjTpg48VIc0kZCHiDstzBeNY/getUpdates "HTTP/1.1 200 OK"
2026-03-26 12:29:27,801 - httpx - INFO - HTTP Request: POST https://api.telegram.org/bot8787313826:AAH5BcKXf7xJjTpg48VIc0kZCHiDstzBeNY/getUpdates "HTTP/1.1 200 OK"
2026-03-26 12:29:38,036 - httpx - INFO - HTTP Request: POST https://api.telegram.org/bot8787313826:AAH5BcKXf7xJjTpg48VIc0kZCHiDstzBeNY/getUpdates "HTTP/1.1 200 OK"
2026-03-26 12:29:48,258 - httpx - INFO - HTTP Request: POST https://api.telegram.org/bot8787313826:AAH5BcKXf7xJjTpg48VIc0kZCHiDstzBeNY/getUpdates "HTTP/1.1 200 OK"
2026-03-26 12:29:59,964 - httpx - INFO - HTTP Request: POST https://api.telegram.org/bot8787313826:AAH5BcKXf7xJjTpg48VIc0kZCHiDstzBeNY/getUpdates "HTTP/1.1 200 OK"
2026-03-26 12:30:01,015 - strategies.rsi_strategy - INFO - [RSIPro_SOL/USDT] Analisando RSI Pro + SMMA + Bandas de Bollinger + ADX + Volume...
2026-03-26 12:30:01,016 - strategies.ma_cross_strategy - INFO - [MACrossPro_SOL/USDT] A processar MA Cross Pro (EMA 5/13) + SMMA + RSI + ADX + Volume...
2026-03-26 12:30:01,016 - strategies.engulf_ma_strategy - INFO - [PriceActionPro_SOL/USDT] Analisando Price Action Pro + EMA 5 + SMMA 21 + RSI + ADX + Volume...
2026-03-26 12:30:01,017 - strategies.rsi_strategy - INFO - [RSIPro_XRP/USDT] Analisando RSI Pro + SMMA + Bandas de Bollinger + ADX + Volume...
2026-03-26 12:30:01,017 - strategies.ma_cross_strategy - INFO - [MACrossPro_XRP/USDT] A processar MA Cross Pro (EMA 5/13) + SMMA + RSI + ADX + Volume...
2026-03-26 12:30:01,018 - strategies.engulf_ma_strategy - INFO - [PriceActionPro_XRP/USDT] Analisando Price Action Pro + EMA 5 + SMMA 21 + RSI + ADX + Volume...
2026-03-26 12:30:01,018 - strategies.rsi_strategy - INFO - [RSIPro_ETH/USDT] Analisando RSI Pro + SMMA + Bandas de Bollinger + ADX + Volume...
2026-03-26 12:30:01,018 - strategies.ma_cross_strategy - INFO - [MACrossPro_ETH/USDT] A processar MA Cross Pro (EMA 5/13) + SMMA + RSI + ADX + Volume...
2026-03-26 12:30:01,018 - strategies.engulf_ma_strategy - INFO - [PriceActionPro_ETH/USDT] Analisando Price Action Pro + EMA 5 + SMMA 21 + RSI + ADX + Volume...
2026-03-26 12:30:10,165 - httpx - INFO - HTTP Request: POST https://api.telegram.org/bot8787313826:AAH5BcKXf7xJjTpg48VIc0kZCHiDstzBeNY/getUpdates "HTTP/1.1 200 OK"
2026-03-26 12:30:21,848 - httpx - INFO - HTTP Request: POST https://api.telegram.org/bot8787313826:AAH5BcKXf7xJjTpg48VIc0kZCHiDstzBeNY/getUpdates "HTTP/1.1 200 OK"
2026-03-26 12:30:32,086 - httpx - INFO - HTTP Request: POST https://api.telegram.org/bot8787313826:AAH5BcKXf7xJjTpg48VIc0kZCHiDstzBeNY/getUpdates "HTTP/1.1 200 OK"
2026-03-26 12:30:42,784 - httpx - INFO - HTTP Request: POST https://api.telegram.org/bot8787313826:AAH5BcKXf7xJjTpg48VIc0kZCHiDstzBeNY/getUpdates "HTTP/1.1 200 OK"
2026-03-26 12:30:53,971 - httpx - INFO - HTTP Request: POST https://api.telegram.org/bot8787313826:AAH5BcKXf7xJjTpg48VIc0kZCHiDstzBeNY/getUpdates "HTTP/1.1 200 OK"
2026-03-26 12:31:00,994 - strategies.rsi_strategy - INFO - [RSIPro_ETH/USDT] Analisando RSI Pro + SMMA + Bandas de Bollinger + ADX + Volume...
2026-03-26 12:31:00,997 - strategies.ma_cross_strategy - INFO - [MACrossPro_ETH/USDT] A processar MA Cross Pro (EMA 5/13) + SMMA + RSI + ADX + Volume...
2026-03-26 12:31:00,998 - strategies.engulf_ma_strategy - INFO - [PriceActionPro_ETH/USDT] Analisando Price Action Pro + EMA 5 + SMMA 21 + RSI + ADX + Volume...
2026-03-26 12:31:00,998 - strategies.rsi_strategy - INFO - [RSIPro_XRP/USDT] Analisando RSI Pro + SMMA + Bandas de Bollinger + ADX + Volume...
2026-03-26 12:31:00,998 - strategies.ma_cross_strategy - INFO - [MACrossPro_XRP/USDT] A processar MA Cross Pro (EMA 5/13) + SMMA + RSI + ADX + Volume...
2026-03-26 12:31:00,999 - strategies.engulf_ma_strategy - INFO - [PriceActionPro_XRP/USDT] Analisando Price Action Pro + EMA 5 + SMMA 21 + RSI + ADX + Volume...
2026-03-26 12:31:00,999 - strategies.rsi_strategy - INFO - [RSIPro_SOL/USDT] Analisando RSI Pro + SMMA + Bandas de Bollinger + ADX + Volume...
2026-03-26 12:31:01,000 - strategies.ma_cross_strategy - INFO - [MACrossPro_SOL/USDT] A processar MA Cross Pro (EMA 5/13) + SMMA + RSI + ADX + Volume...
2026-03-26 12:31:01,000 - strategies.engulf_ma_strategy - INFO - [PriceActionPro_SOL/USDT] Analisando Price Action Pro + EMA 5 + SMMA 21 + RSI + ADX + Volume...
2026-03-26 12:31:04,207 - httpx - INFO - HTTP Request: POST https://api.telegram.org/bot8787313826:AAH5BcKXf7xJjTpg48VIc0kZCHiDstzBeNY/getUpdates "HTTP/1.1 200 OK"
2026-03-26 12:31:14,416 - httpx - INFO - HTTP Request: POST https://api.telegram.org/bot8787313826:AAH5BcKXf7xJjTpg48VIc0kZCHiDstzBeNY/getUpdates "HTTP/1.1 200 OK"
2026-03-26 12:31:24,617 - httpx - INFO - HTTP Request: POST https://api.telegram.org/bot8787313826:AAH5BcKXf7xJjTpg48VIc0kZCHiDstzBeNY/getUpdates "HTTP/1.1 200 OK"
2026-03-26 12:31:34,874 - httpx - INFO - HTTP Request: POST https://api.telegram.org/bot8787313826:AAH5BcKXf7xJjTpg48VIc0kZCHiDstzBeNY/getUpdates "HTTP/1.1 200 OK"
2026-03-26 12:31:45,079 - httpx - INFO - HTTP Request: POST https://api.telegram.org/bot8787313826:AAH5BcKXf7xJjTpg48VIc0kZCHiDstzBeNY/getUpdates "HTTP/1.1 200 OK"
2026-03-26 12:31:55,737 - httpx - INFO - HTTP Request: POST https://api.telegram.org/bot8787313826:AAH5BcKXf7xJjTpg48VIc0kZCHiDstzBeNY/getUpdates "HTTP/1.1 200 OK"
2026-03-26 12:32:01,000 - strategies.rsi_strategy - INFO - [RSIPro_XRP/USDT] Analisando RSI Pro + SMMA + Bandas de Bollinger + ADX + Volume...
2026-03-26 12:32:01,000 - strategies.ma_cross_strategy - INFO - [MACrossPro_XRP/USDT] A processar MA Cross Pro (EMA 5/13) + SMMA + RSI + ADX + Volume...
2026-03-26 12:32:01,001 - strategies.engulf_ma_strategy - INFO - [PriceActionPro_XRP/USDT] Analisando Price Action Pro + EMA 5 + SMMA 21 + RSI + ADX + Volume...
2026-03-26 12:32:01,001 - strategies.rsi_strategy - INFO - [RSIPro_ETH/USDT] Analisando RSI Pro + SMMA + Bandas de Bollinger + ADX + Volume...
2026-03-26 12:32:01,002 - strategies.ma_cross_strategy - INFO - [MACrossPro_ETH/USDT] A processar MA Cross Pro (EMA 5/13) + SMMA + RSI + ADX + Volume...
2026-03-26 12:32:01,002 - strategies.engulf_ma_strategy - INFO - [PriceActionPro_ETH/USDT] Analisando Price Action Pro + EMA 5 + SMMA 21 + RSI + ADX + Volume...
2026-03-26 12:32:01,003 - strategies.rsi_strategy - INFO - [RSIPro_SOL/USDT] Analisando RSI Pro + SMMA + Bandas de Bollinger + ADX + Volume...
2026-03-26 12:32:01,003 - strategies.ma_cross_strategy - INFO - [MACrossPro_SOL/USDT] A processar MA Cross Pro (EMA 5/13) + SMMA + RSI + ADX + Volume...
2026-03-26 12:32:01,003 - strategies.engulf_ma_strategy - INFO - [PriceActionPro_SOL/USDT] Analisando Price Action Pro + EMA 5 + SMMA 21 + RSI + ADX + Volume...
2026-03-26 12:32:05,947 - httpx - INFO - HTTP Request: POST https://api.telegram.org/bot8787313826:AAH5BcKXf7xJjTpg48VIc0kZCHiDstzBeNY/getUpdates "HTTP/1.1 200 OK"
2026-03-26 12:32:16,158 - httpx - INFO - HTTP Request: POST https://api.telegram.org/bot8787313826:AAH5BcKXf7xJjTpg48VIc0kZCHiDstzBeNY/getUpdates "HTTP/1.1 200 OK"
2026-03-26 12:32:27,701 - httpx - INFO - HTTP Request: POST https://api.telegram.org/bot8787313826:AAH5BcKXf7xJjTpg48VIc0kZCHiDstzBeNY/getUpdates "HTTP/1.1 200 OK"
2026-03-26 12:32:37,902 - httpx - INFO - HTTP Request: POST https://api.telegram.org/bot8787313826:AAH5BcKXf7xJjTpg48VIc0kZCHiDstzBeNY/getUpdates "HTTP/1.1 200 OK"
2026-03-26 12:32:48,104 - httpx - INFO - HTTP Request: POST https://api.telegram.org/bot8787313826:AAH5BcKXf7xJjTpg48VIc0kZCHiDstzBeNY/getUpdates "HTTP/1.1 200 OK"
2026-03-26 12:32:58,312 - httpx - INFO - HTTP Request: POST https://api.telegram.org/bot8787313826:AAH5BcKXf7xJjTpg48VIc0kZCHiDstzBeNY/getUpdates "HTTP/1.1 200 OK"
2026-03-26 12:33:01,003 - strategies.rsi_strategy - INFO - [RSIPro_SOL/USDT] Analisando RSI Pro + SMMA + Bandas de Bollinger + ADX + Volume...
2026-03-26 12:33:01,003 - strategies.ma_cross_strategy - INFO - [MACrossPro_SOL/USDT] A processar MA Cross Pro (EMA 5/13) + SMMA + RSI + ADX + Volume...
2026-03-26 12:33:01,004 - strategies.engulf_ma_strategy - INFO - [PriceActionPro_SOL/USDT] Analisando Price Action Pro + EMA 5 + SMMA 21 + RSI + ADX + Volume...
2026-03-26 12:33:01,004 - strategies.rsi_strategy - INFO - [RSIPro_ETH/USDT] Analisando RSI Pro + SMMA + Bandas de Bollinger + ADX + Volume...
2026-03-26 12:33:01,005 - strategies.ma_cross_strategy - INFO - [MACrossPro_ETH/USDT] A processar MA Cross Pro (EMA 5/13) + SMMA + RSI + ADX + Volume...
2026-03-26 12:33:01,005 - strategies.engulf_ma_strategy - INFO - [PriceActionPro_ETH/USDT] Analisando Price Action Pro + EMA 5 + SMMA 21 + RSI + ADX + Volume...
2026-03-26 12:33:01,006 - strategies.rsi_strategy - INFO - [RSIPro_XRP/USDT] Analisando RSI Pro + SMMA + Bandas de Bollinger + ADX + Volume...
2026-03-26 12:33:01,006 - strategies.ma_cross_strategy - INFO - [MACrossPro_XRP/USDT] A processar MA Cross Pro (EMA 5/13) + SMMA + RSI + ADX + Volume...
2026-03-26 12:33:01,006 - strategies.engulf_ma_strategy - INFO - [PriceActionPro_XRP/USDT] Analisando Price Action Pro + EMA 5 + SMMA 21 + RSI + ADX + Volume...
2026-03-26 12:33:08,768 - httpx - INFO - HTTP Request: POST https://api.telegram.org/bot8787313826:AAH5BcKXf7xJjTpg48VIc0kZCHiDstzBeNY/getUpdates "HTTP/1.1 200 OK"
2026-03-26 12:33:18,977 - httpx - INFO - HTTP Request: POST https://api.telegram.org/bot8787313826:AAH5BcKXf7xJjTpg48VIc0kZCHiDstzBeNY/getUpdates "HTTP/1.1 200 OK"
2026-03-26 12:33:29,641 - httpx - INFO - HTTP Request: POST https://api.telegram.org/bot8787313826:AAH5BcKXf7xJjTpg48VIc0kZCHiDstzBeNY/getUpdates "HTTP/1.1 200 OK"
2026-03-26 12:33:39,914 - httpx - INFO - HTTP Request: POST https://api.telegram.org/bot8787313826:AAH5BcKXf7xJjTpg48VIc0kZCHiDstzBeNY/getUpdates "HTTP/1.1 200 OK"
2026-03-26 12:33:50,114 - httpx - INFO - HTTP Request: POST https://api.telegram.org/bot8787313826:AAH5BcKXf7xJjTpg48VIc0kZCHiDstzBeNY/getUpdates "HTTP/1.1 200 OK"
2026-03-26 12:34:00,354 - httpx - INFO - HTTP Request: POST https://api.telegram.org/bot8787313826:AAH5BcKXf7xJjTpg48VIc0kZCHiDstzBeNY/getUpdates "HTTP/1.1 200 OK"
2026-03-26 12:34:01,008 - strategies.rsi_strategy - INFO - [RSIPro_ETH/USDT] Analisando RSI Pro + SMMA + Bandas de Bollinger + ADX + Volume...
2026-03-26 12:34:01,008 - strategies.ma_cross_strategy - INFO - [MACrossPro_ETH/USDT] A processar MA Cross Pro (EMA 5/13) + SMMA + RSI + ADX + Volume...
2026-03-26 12:34:01,010 - strategies.engulf_ma_strategy - INFO - [PriceActionPro_ETH/USDT] Analisando Price Action Pro + EMA 5 + SMMA 21 + RSI + ADX + Volume...
2026-03-26 12:34:01,011 - strategies.rsi_strategy - INFO - [RSIPro_SOL/USDT] Analisando RSI Pro + SMMA + Bandas de Bollinger + ADX + Volume...
2026-03-26 12:34:01,012 - strategies.ma_cross_strategy - INFO - [MACrossPro_SOL/USDT] A processar MA Cross Pro (EMA 5/13) + SMMA + RSI + ADX + Volume...
2026-03-26 12:34:01,012 - strategies.engulf_ma_strategy - INFO - [PriceActionPro_SOL/USDT] Analisando Price Action Pro + EMA 5 + SMMA 21 + RSI + ADX + Volume...
2026-03-26 12:34:01,012 - strategies.rsi_strategy - INFO - [RSIPro_XRP/USDT] Analisando RSI Pro + SMMA + Bandas de Bollinger + ADX + Volume...
2026-03-26 12:34:01,013 - strategies.ma_cross_strategy - INFO - [MACrossPro_XRP/USDT] A processar MA Cross Pro (EMA 5/13) + SMMA + RSI + ADX + Volume...
2026-03-26 12:34:01,013 - strategies.engulf_ma_strategy - INFO - [PriceActionPro_XRP/USDT] Analisando Price Action Pro + EMA 5 + SMMA 21 + RSI + ADX + Volume...
2026-03-26 12:34:10,593 - httpx - INFO - HTTP Request: POST https://api.telegram.org/bot8787313826:AAH5BcKXf7xJjTpg48VIc0kZCHiDstzBeNY/getUpdates "HTTP/1.1 200 OK"
2026-03-26 12:34:21,270 - httpx - INFO - HTTP Request: POST https://api.telegram.org/bot8787313826:AAH5BcKXf7xJjTpg48VIc0kZCHiDstzBeNY/getUpdates "HTTP/1.1 200 OK"
2026-03-26 12:34:31,506 - httpx - INFO - HTTP Request: POST https://api.telegram.org/bot8787313826:AAH5BcKXf7xJjTpg48VIc0kZCHiDstzBeNY/getUpdates "HTTP/1.1 200 OK"
2026-03-26 12:34:41,707 - httpx - INFO - HTTP Request: POST https://api.telegram.org/bot8787313826:AAH5BcKXf7xJjTpg48VIc0kZCHiDstzBeNY/getUpdates "HTTP/1.1 200 OK"
2026-03-26 12:34:52,007 - httpx - INFO - HTTP Request: POST https://api.telegram.org/bot8787313826:AAH5BcKXf7xJjTpg48VIc0kZCHiDstzBeNY/getUpdates "HTTP/1.1 200 OK"
2026-03-26 12:35:01,002 - strategies.rsi_strategy - INFO - [RSIPro_ETH/USDT] Analisando RSI Pro + SMMA + Bandas de Bollinger + ADX + Volume...
2026-03-26 12:35:01,058 - strategies.ma_cross_strategy - INFO - [MACrossPro_ETH/USDT] A processar MA Cross Pro (EMA 5/13) + SMMA + RSI + ADX + Volume...
2026-03-26 12:35:01,101 - strategies.engulf_ma_strategy - INFO - [PriceActionPro_ETH/USDT] Analisando Price Action Pro + EMA 5 + SMMA 21 + RSI + ADX + Volume...
2026-03-26 12:35:01,111 - strategies.rsi_strategy - INFO - [RSIPro_XRP/USDT] Analisando RSI Pro + SMMA + Bandas de Bollinger + ADX + Volume...
2026-03-26 12:35:01,146 - strategies.ma_cross_strategy - INFO - [MACrossPro_XRP/USDT] A processar MA Cross Pro (EMA 5/13) + SMMA + RSI + ADX + Volume...
2026-03-26 12:35:01,188 - strategies.engulf_ma_strategy - INFO - [PriceActionPro_XRP/USDT] Analisando Price Action Pro + EMA 5 + SMMA 21 + RSI + ADX + Volume...
2026-03-26 12:35:01,229 - strategies.rsi_strategy - INFO - [RSIPro_SOL/USDT] Analisando RSI Pro + SMMA + Bandas de Bollinger + ADX + Volume...
2026-03-26 12:35:01,274 - strategies.ma_cross_strategy - INFO - [MACrossPro_SOL/USDT] A processar MA Cross Pro (EMA 5/13) + SMMA + RSI + ADX + Volume...
2026-03-26 12:35:01,295 - strategies.engulf_ma_strategy - INFO - [PriceActionPro_SOL/USDT] Analisando Price Action Pro + EMA 5 + SMMA 21 + RSI + ADX + Volume...
2026-03-26 12:35:02,332 - httpx - INFO - HTTP Request: POST https://api.telegram.org/bot8787313826:AAH5BcKXf7xJjTpg48VIc0kZCHiDstzBeNY/getUpdates "HTTP/1.1 200 OK"
2026-03-26 12:35:12,625 - httpx - INFO - HTTP Request: POST https://api.telegram.org/bot8787313826:AAH5BcKXf7xJjTpg48VIc0kZCHiDstzBeNY/getUpdates "HTTP/1.1 200 OK"
2026-03-26 12:35:22,862 - httpx - INFO - HTTP Request: POST https://api.telegram.org/bot8787313826:AAH5BcKXf7xJjTpg48VIc0kZCHiDstzBeNY/getUpdates "HTTP/1.1 200 OK"
2026-03-26 12:35:33,065 - httpx - INFO - HTTP Request: POST https://api.telegram.org/bot8787313826:AAH5BcKXf7xJjTpg48VIc0kZCHiDstzBeNY/getUpdates "HTTP/1.1 200 OK"
2026-03-26 12:35:43,267 - httpx - INFO - HTTP Request: POST https://api.telegram.org/bot8787313826:AAH5BcKXf7xJjTpg48VIc0kZCHiDstzBeNY/getUpdates "HTTP/1.1 200 OK"
2026-03-26 12:35:53,504 - httpx - INFO - HTTP Request: POST https://api.telegram.org/bot8787313826:AAH5BcKXf7xJjTpg48VIc0kZCHiDstzBeNY/getUpdates "HTTP/1.1 200 OK"
2026-03-26 12:36:00,992 - strategies.rsi_strategy - INFO - [RSIPro_ETH/USDT] Analisando RSI Pro + SMMA + Bandas de Bollinger + ADX + Volume...
2026-03-26 12:36:00,993 - strategies.ma_cross_strategy - INFO - [MACrossPro_ETH/USDT] A processar MA Cross Pro (EMA 5/13) + SMMA + RSI + ADX + Volume...
2026-03-26 12:36:00,995 - strategies.engulf_ma_strategy - INFO - [PriceActionPro_ETH/USDT] Analisando Price Action Pro + EMA 5 + SMMA 21 + RSI + ADX + Volume...
2026-03-26 12:36:00,996 - strategies.rsi_strategy - INFO - [RSIPro_SOL/USDT] Analisando RSI Pro + SMMA + Bandas de Bollinger + ADX + Volume...
2026-03-26 12:36:00,996 - strategies.ma_cross_strategy - INFO - [MACrossPro_SOL/USDT] A processar MA Cross Pro (EMA 5/13) + SMMA + RSI + ADX + Volume...
2026-03-26 12:36:00,996 - strategies.engulf_ma_strategy - INFO - [PriceActionPro_SOL/USDT] Analisando Price Action Pro + EMA 5 + SMMA 21 + RSI + ADX + Volume...
2026-03-26 12:36:00,997 - strategies.rsi_strategy - INFO - [RSIPro_XRP/USDT] Analisando RSI Pro + SMMA + Bandas de Bollinger + ADX + Volume...
2026-03-26 12:36:00,997 - strategies.ma_cross_strategy - INFO - [MACrossPro_XRP/USDT] A processar MA Cross Pro (EMA 5/13) + SMMA + RSI + ADX + Volume...
2026-03-26 12:36:00,997 - strategies.engulf_ma_strategy - INFO - [PriceActionPro_XRP/USDT] Analisando Price Action Pro + EMA 5 + SMMA 21 + RSI + ADX + Volume...
2026-03-26 12:36:03,706 - httpx - INFO - HTTP Request: POST https://api.telegram.org/bot8787313826:AAH5BcKXf7xJjTpg48VIc0kZCHiDstzBeNY/getUpdates "HTTP/1.1 200 OK"
2026-03-26 12:36:13,943 - httpx - INFO - HTTP Request: POST https://api.telegram.org/bot8787313826:AAH5BcKXf7xJjTpg48VIc0kZCHiDstzBeNY/getUpdates "HTTP/1.1 200 OK"
2026-03-26 12:36:24,143 - httpx - INFO - HTTP Request: POST https://api.telegram.org/bot8787313826:AAH5BcKXf7xJjTpg48VIc0kZCHiDstzBeNY/getUpdates "HTTP/1.1 200 OK"
2026-03-26 12:36:34,346 - httpx - INFO - HTTP Request: POST https://api.telegram.org/bot8787313826:AAH5BcKXf7xJjTpg48VIc0kZCHiDstzBeNY/getUpdates "HTTP/1.1 200 OK"
2026-03-26 12:36:44,547 - httpx - INFO - HTTP Request: POST https://api.telegram.org/bot8787313826:AAH5BcKXf7xJjTpg48VIc0kZCHiDstzBeNY/getUpdates "HTTP/1.1 200 OK"
2026-03-26 12:36:54,753 - httpx - INFO - HTTP Request: POST https://api.telegram.org/bot8787313826:AAH5BcKXf7xJjTpg48VIc0kZCHiDstzBeNY/getUpdates "HTTP/1.1 200 OK"
2026-03-26 12:37:00,990 - strategies.rsi_strategy - INFO - [RSIPro_ETH/USDT] Analisando RSI Pro + SMMA + Bandas de Bollinger + ADX + Volume...
2026-03-26 12:37:00,990 - strategies.ma_cross_strategy - INFO - [MACrossPro_ETH/USDT] A processar MA Cross Pro (EMA 5/13) + SMMA + RSI + ADX + Volume...
2026-03-26 12:37:00,991 - strategies.engulf_ma_strategy - INFO - [PriceActionPro_ETH/USDT] Analisando Price Action Pro + EMA 5 + SMMA 21 + RSI + ADX + Volume...
2026-03-26 12:37:00,992 - strategies.rsi_strategy - INFO - [RSIPro_XRP/USDT] Analisando RSI Pro + SMMA + Bandas de Bollinger + ADX + Volume...
2026-03-26 12:37:00,992 - strategies.ma_cross_strategy - INFO - [MACrossPro_XRP/USDT] A processar MA Cross Pro (EMA 5/13) + SMMA + RSI + ADX + Volume...
2026-03-26 12:37:00,993 - strategies.engulf_ma_strategy - INFO - [PriceActionPro_XRP/USDT] Analisando Price Action Pro + EMA 5 + SMMA 21 + RSI + ADX + Volume...
2026-03-26 12:37:00,993 - strategies.rsi_strategy - INFO - [RSIPro_SOL/USDT] Analisando RSI Pro + SMMA + Bandas de Bollinger + ADX + Volume...
2026-03-26 12:37:00,993 - strategies.ma_cross_strategy - INFO - [MACrossPro_SOL/USDT] A processar MA Cross Pro (EMA 5/13) + SMMA + RSI + ADX + Volume...
2026-03-26 12:37:00,994 - strategies.engulf_ma_strategy - INFO - [PriceActionPro_SOL/USDT] Analisando Price Action Pro + EMA 5 + SMMA 21 + RSI + ADX + Volume...
2026-03-26 12:37:04,956 - httpx - INFO - HTTP Request: POST https://api.telegram.org/bot8787313826:AAH5BcKXf7xJjTpg48VIc0kZCHiDstzBeNY/getUpdates "HTTP/1.1 200 OK"
2026-03-26 12:37:15,165 - httpx - INFO - HTTP Request: POST https://api.telegram.org/bot8787313826:AAH5BcKXf7xJjTpg48VIc0kZCHiDstzBeNY/getUpdates "HTTP/1.1 200 OK"
2026-03-26 12:37:25,365 - httpx - INFO - HTTP Request: POST https://api.telegram.org/bot8787313826:AAH5BcKXf7xJjTpg48VIc0kZCHiDstzBeNY/getUpdates "HTTP/1.1 200 OK"
2026-03-26 12:37:35,569 - httpx - INFO - HTTP Request: POST https://api.telegram.org/bot8787313826:AAH5BcKXf7xJjTpg48VIc0kZCHiDstzBeNY/getUpdates "HTTP/1.1 200 OK"
2026-03-26 12:37:46,204 - httpx - INFO - HTTP Request: POST https://api.telegram.org/bot8787313826:AAH5BcKXf7xJjTpg48VIc0kZCHiDstzBeNY/getUpdates "HTTP/1.1 200 OK"
2026-03-26 12:37:56,403 - httpx - INFO - HTTP Request: POST https://api.telegram.org/bot8787313826:AAH5BcKXf7xJjTpg48VIc0kZCHiDstzBeNY/getUpdates "HTTP/1.1 200 OK"
2026-03-26 12:38:00,998 - strategies.rsi_strategy - INFO - [RSIPro_SOL/USDT] Analisando RSI Pro + SMMA + Bandas de Bollinger + ADX + Volume...
2026-03-26 12:38:00,999 - strategies.ma_cross_strategy - INFO - [MACrossPro_SOL/USDT] A processar MA Cross Pro (EMA 5/13) + SMMA + RSI + ADX + Volume...
2026-03-26 12:38:01,002 - strategies.engulf_ma_strategy - INFO - [PriceActionPro_SOL/USDT] Analisando Price Action Pro + EMA 5 + SMMA 21 + RSI + ADX + Volume...
2026-03-26 12:38:01,006 - strategies.rsi_strategy - INFO - [RSIPro_XRP/USDT] Analisando RSI Pro + SMMA + Bandas de Bollinger + ADX + Volume...
2026-03-26 12:38:01,006 - strategies.ma_cross_strategy - INFO - [MACrossPro_XRP/USDT] A processar MA Cross Pro (EMA 5/13) + SMMA + RSI + ADX + Volume...
2026-03-26 12:38:01,007 - strategies.engulf_ma_strategy - INFO - [PriceActionPro_XRP/USDT] Analisando Price Action Pro + EMA 5 + SMMA 21 + RSI + ADX + Volume...
2026-03-26 12:38:01,007 - strategies.rsi_strategy - INFO - [RSIPro_ETH/USDT] Analisando RSI Pro + SMMA + Bandas de Bollinger + ADX + Volume...
2026-03-26 12:38:01,007 - strategies.ma_cross_strategy - INFO - [MACrossPro_ETH/USDT] A processar MA Cross Pro (EMA 5/13) + SMMA + RSI + ADX + Volume...
2026-03-26 12:38:01,008 - strategies.engulf_ma_strategy - INFO - [PriceActionPro_ETH/USDT] Analisando Price Action Pro + EMA 5 + SMMA 21 + RSI + ADX + Volume...
2026-03-26 12:38:06,640 - httpx - INFO - HTTP Request: POST https://api.telegram.org/bot8787313826:AAH5BcKXf7xJjTpg48VIc0kZCHiDstzBeNY/getUpdates "HTTP/1.1 200 OK"
2026-03-26 12:38:16,876 - httpx - INFO - HTTP Request: POST https://api.telegram.org/bot8787313826:AAH5BcKXf7xJjTpg48VIc0kZCHiDstzBeNY/getUpdates "HTTP/1.1 200 OK"
2026-03-26 12:38:27,110 - httpx - INFO - HTTP Request: POST https://api.telegram.org/bot8787313826:AAH5BcKXf7xJjTpg48VIc0kZCHiDstzBeNY/getUpdates "HTTP/1.1 200 OK"
2026-03-26 12:38:37,351 - httpx - INFO - HTTP Request: POST https://api.telegram.org/bot8787313826:AAH5BcKXf7xJjTpg48VIc0kZCHiDstzBeNY/getUpdates "HTTP/1.1 200 OK"
2026-03-26 12:38:47,571 - httpx - INFO - HTTP Request: POST https://api.telegram.org/bot8787313826:AAH5BcKXf7xJjTpg48VIc0kZCHiDstzBeNY/getUpdates "HTTP/1.1 200 OK"
2026-03-26 12:38:57,790 - httpx - INFO - HTTP Request: POST https://api.telegram.org/bot8787313826:AAH5BcKXf7xJjTpg48VIc0kZCHiDstzBeNY/getUpdates "HTTP/1.1 200 OK"
2026-03-26 12:39:00,991 - strategies.rsi_strategy - INFO - [RSIPro_ETH/USDT] Analisando RSI Pro + SMMA + Bandas de Bollinger + ADX + Volume...
2026-03-26 12:39:00,991 - strategies.ma_cross_strategy - INFO - [MACrossPro_ETH/USDT] A processar MA Cross Pro (EMA 5/13) + SMMA + RSI + ADX + Volume...
2026-03-26 12:39:00,992 - strategies.engulf_ma_strategy - INFO - [PriceActionPro_ETH/USDT] Analisando Price Action Pro + EMA 5 + SMMA 21 + RSI + ADX + Volume...
2026-03-26 12:39:00,992 - strategies.rsi_strategy - INFO - [RSIPro_SOL/USDT] Analisando RSI Pro + SMMA + Bandas de Bollinger + ADX + Volume...
2026-03-26 12:39:00,992 - strategies.ma_cross_strategy - INFO - [MACrossPro_SOL/USDT] A processar MA Cross Pro (EMA 5/13) + SMMA + RSI + ADX + Volume...
2026-03-26 12:39:00,998 - strategies.engulf_ma_strategy - INFO - [PriceActionPro_SOL/USDT] Analisando Price Action Pro + EMA 5 + SMMA 21 + RSI + ADX + Volume...
2026-03-26 12:39:00,999 - strategies.rsi_strategy - INFO - [RSIPro_XRP/USDT] Analisando RSI Pro + SMMA + Bandas de Bollinger + ADX + Volume...
2026-03-26 12:39:00,999 - strategies.ma_cross_strategy - INFO - [MACrossPro_XRP/USDT] A processar MA Cross Pro (EMA 5/13) + SMMA + RSI + ADX + Volume...
2026-03-26 12:39:01,000 - strategies.engulf_ma_strategy - INFO - [PriceActionPro_XRP/USDT] Analisando Price Action Pro + EMA 5 + SMMA 21 + RSI + ADX + Volume...
2026-03-26 12:39:08,026 - httpx - INFO - HTTP Request: POST https://api.telegram.org/bot8787313826:AAH5BcKXf7xJjTpg48VIc0kZCHiDstzBeNY/getUpdates "HTTP/1.1 200 OK"
2026-03-26 12:39:18,716 - httpx - INFO - HTTP Request: POST https://api.telegram.org/bot8787313826:AAH5BcKXf7xJjTpg48VIc0kZCHiDstzBeNY/getUpdates "HTTP/1.1 200 OK"
2026-03-26 12:39:28,951 - httpx - INFO - HTTP Request: POST https://api.telegram.org/bot8787313826:AAH5BcKXf7xJjTpg48VIc0kZCHiDstzBeNY/getUpdates "HTTP/1.1 200 OK"
2026-03-26 12:39:39,152 - httpx - INFO - HTTP Request: POST https://api.telegram.org/bot8787313826:AAH5BcKXf7xJjTpg48VIc0kZCHiDstzBeNY/getUpdates "HTTP/1.1 200 OK"
2026-03-26 12:39:49,821 - httpx - INFO - HTTP Request: POST https://api.telegram.org/bot8787313826:AAH5BcKXf7xJjTpg48VIc0kZCHiDstzBeNY/getUpdates "HTTP/1.1 200 OK"
2026-03-26 12:40:00,022 - httpx - INFO - HTTP Request: POST https://api.telegram.org/bot8787313826:AAH5BcKXf7xJjTpg48VIc0kZCHiDstzBeNY/getUpdates "HTTP/1.1 200 OK"
2026-03-26 12:40:01,010 - strategies.rsi_strategy - INFO - [RSIPro_ETH/USDT] Analisando RSI Pro + SMMA + Bandas de Bollinger + ADX + Volume...
2026-03-26 12:40:01,011 - strategies.ma_cross_strategy - INFO - [MACrossPro_ETH/USDT] A processar MA Cross Pro (EMA 5/13) + SMMA + RSI + ADX + Volume...
2026-03-26 12:40:01,013 - strategies.engulf_ma_strategy - INFO - [PriceActionPro_ETH/USDT] Analisando Price Action Pro + EMA 5 + SMMA 21 + RSI + ADX + Volume...
2026-03-26 12:40:01,013 - strategies.rsi_strategy - INFO - [RSIPro_XRP/USDT] Analisando RSI Pro + SMMA + Bandas de Bollinger + ADX + Volume...
2026-03-26 12:40:01,014 - strategies.ma_cross_strategy - INFO - [MACrossPro_XRP/USDT] A processar MA Cross Pro (EMA 5/13) + SMMA + RSI + ADX + Volume...
2026-03-26 12:40:01,014 - strategies.engulf_ma_strategy - INFO - [PriceActionPro_XRP/USDT] Analisando Price Action Pro + EMA 5 + SMMA 21 + RSI + ADX + Volume...
2026-03-26 12:40:01,014 - strategies.rsi_strategy - INFO - [RSIPro_SOL/USDT] Analisando RSI Pro + SMMA + Bandas de Bollinger + ADX + Volume...
2026-03-26 12:40:01,015 - strategies.ma_cross_strategy - INFO - [MACrossPro_SOL/USDT] A processar MA Cross Pro (EMA 5/13) + SMMA + RSI + ADX + Volume...
2026-03-26 12:40:01,015 - strategies.engulf_ma_strategy - INFO - [PriceActionPro_SOL/USDT] Analisando Price Action Pro + EMA 5 + SMMA 21 + RSI + ADX + Volume...
2026-03-26 12:40:10,859 - httpx - INFO - HTTP Request: POST https://api.telegram.org/bot8787313826:AAH5BcKXf7xJjTpg48VIc0kZCHiDstzBeNY/getUpdates "HTTP/1.1 200 OK"
2026-03-26 12:40:21,068 - httpx - INFO - HTTP Request: POST https://api.telegram.org/bot8787313826:AAH5BcKXf7xJjTpg48VIc0kZCHiDstzBeNY/getUpdates "HTTP/1.1 200 OK"
2026-03-26 12:40:31,269 - httpx - INFO - HTTP Request: POST https://api.telegram.org/bot8787313826:AAH5BcKXf7xJjTpg48VIc0kZCHiDstzBeNY/getUpdates "HTTP/1.1 200 OK"
2026-03-26 12:40:41,470 - httpx - INFO - HTTP Request: POST https://api.telegram.org/bot8787313826:AAH5BcKXf7xJjTpg48VIc0kZCHiDstzBeNY/getUpdates "HTTP/1.1 200 OK"
2026-03-26 12:40:51,671 - httpx - INFO - HTTP Request: POST https://api.telegram.org/bot8787313826:AAH5BcKXf7xJjTpg48VIc0kZCHiDstzBeNY/getUpdates "HTTP/1.1 200 OK"
2026-03-26 12:41:00,993 - strategies.rsi_strategy - INFO - [RSIPro_ETH/USDT] Analisando RSI Pro + SMMA + Bandas de Bollinger + ADX + Volume...
2026-03-26 12:41:00,993 - strategies.ma_cross_strategy - INFO - [MACrossPro_ETH/USDT] A processar MA Cross Pro (EMA 5/13) + SMMA + RSI + ADX + Volume...
2026-03-26 12:41:00,994 - strategies.engulf_ma_strategy - INFO - [PriceActionPro_ETH/USDT] Analisando Price Action Pro + EMA 5 + SMMA 21 + RSI + ADX + Volume...
2026-03-26 12:41:00,994 - strategies.rsi_strategy - INFO - [RSIPro_SOL/USDT] Analisando RSI Pro + SMMA + Bandas de Bollinger + ADX + Volume...
2026-03-26 12:41:00,995 - strategies.ma_cross_strategy - INFO - [MACrossPro_SOL/USDT] A processar MA Cross Pro (EMA 5/13) + SMMA + RSI + ADX + Volume...
2026-03-26 12:41:00,995 - strategies.engulf_ma_strategy - INFO - [PriceActionPro_SOL/USDT] Analisando Price Action Pro + EMA 5 + SMMA 21 + RSI + ADX + Volume...
2026-03-26 12:41:00,996 - strategies.rsi_strategy - INFO - [RSIPro_XRP/USDT] Analisando RSI Pro + SMMA + Bandas de Bollinger + ADX + Volume...
2026-03-26 12:41:00,996 - strategies.ma_cross_strategy - INFO - [MACrossPro_XRP/USDT] A processar MA Cross Pro (EMA 5/13) + SMMA + RSI + ADX + Volume...
2026-03-26 12:41:00,996 - strategies.engulf_ma_strategy - INFO - [PriceActionPro_XRP/USDT] Analisando Price Action Pro + EMA 5 + SMMA 21 + RSI + ADX + Volume...
2026-03-26 12:41:02,032 - httpx - INFO - HTTP Request: POST https://api.telegram.org/bot8787313826:AAH5BcKXf7xJjTpg48VIc0kZCHiDstzBeNY/getUpdates "HTTP/1.1 200 OK"
2026-03-26 12:41:12,238 - httpx - INFO - HTTP Request: POST https://api.telegram.org/bot8787313826:AAH5BcKXf7xJjTpg48VIc0kZCHiDstzBeNY/getUpdates "HTTP/1.1 200 OK"
2026-03-26 12:41:22,444 - httpx - INFO - HTTP Request: POST https://api.telegram.org/bot8787313826:AAH5BcKXf7xJjTpg48VIc0kZCHiDstzBeNY/getUpdates "HTTP/1.1 200 OK"
2026-03-26 12:41:32,646 - httpx - INFO - HTTP Request: POST https://api.telegram.org/bot8787313826:AAH5BcKXf7xJjTpg48VIc0kZCHiDstzBeNY/getUpdates "HTTP/1.1 200 OK"
2026-03-26 12:41:42,849 - httpx - INFO - HTTP Request: POST https://api.telegram.org/bot8787313826:AAH5BcKXf7xJjTpg48VIc0kZCHiDstzBeNY/getUpdates "HTTP/1.1 200 OK"
2026-03-26 12:41:53,057 - httpx - INFO - HTTP Request: POST https://api.telegram.org/bot8787313826:AAH5BcKXf7xJjTpg48VIc0kZCHiDstzBeNY/getUpdates "HTTP/1.1 200 OK"
2026-03-26 12:42:00,989 - strategies.rsi_strategy - INFO - [RSIPro_XRP/USDT] Analisando RSI Pro + SMMA + Bandas de Bollinger + ADX + Volume...
2026-03-26 12:42:00,989 - strategies.ma_cross_strategy - INFO - [MACrossPro_XRP/USDT] A processar MA Cross Pro (EMA 5/13) + SMMA + RSI + ADX + Volume...
2026-03-26 12:42:00,990 - strategies.engulf_ma_strategy - INFO - [PriceActionPro_XRP/USDT] Analisando Price Action Pro + EMA 5 + SMMA 21 + RSI + ADX + Volume...
2026-03-26 12:42:00,990 - strategies.rsi_strategy - INFO - [RSIPro_ETH/USDT] Analisando RSI Pro + SMMA + Bandas de Bollinger + ADX + Volume...
2026-03-26 12:42:00,991 - strategies.ma_cross_strategy - INFO - [MACrossPro_ETH/USDT] A processar MA Cross Pro (EMA 5/13) + SMMA + RSI + ADX + Volume...
2026-03-26 12:42:00,991 - strategies.engulf_ma_strategy - INFO - [PriceActionPro_ETH/USDT] Analisando Price Action Pro + EMA 5 + SMMA 21 + RSI + ADX + Volume...
2026-03-26 12:42:00,992 - strategies.rsi_strategy - INFO - [RSIPro_SOL/USDT] Analisando RSI Pro + SMMA + Bandas de Bollinger + ADX + Volume...
2026-03-26 12:42:00,992 - strategies.ma_cross_strategy - INFO - [MACrossPro_SOL/USDT] A processar MA Cross Pro (EMA 5/13) + SMMA + RSI + ADX + Volume...
2026-03-26 12:42:00,992 - strategies.engulf_ma_strategy - INFO - [PriceActionPro_SOL/USDT] Analisando Price Action Pro + EMA 5 + SMMA 21 + RSI + ADX + Volume...
2026-03-26 12:42:03,267 - httpx - INFO - HTTP Request: POST https://api.telegram.org/bot8787313826:AAH5BcKXf7xJjTpg48VIc0kZCHiDstzBeNY/getUpdates "HTTP/1.1 200 OK"
2026-03-26 12:42:13,470 - httpx - INFO - HTTP Request: POST https://api.telegram.org/bot8787313826:AAH5BcKXf7xJjTpg48VIc0kZCHiDstzBeNY/getUpdates "HTTP/1.1 200 OK"
2026-03-26 12:42:23,680 - httpx - INFO - HTTP Request: POST https://api.telegram.org/bot8787313826:AAH5BcKXf7xJjTpg48VIc0kZCHiDstzBeNY/getUpdates "HTTP/1.1 200 OK"
2026-03-26 12:42:33,914 - httpx - INFO - HTTP Request: POST https://api.telegram.org/bot8787313826:AAH5BcKXf7xJjTpg48VIc0kZCHiDstzBeNY/getUpdates "HTTP/1.1 200 OK"
2026-03-26 12:42:44,148 - httpx - INFO - HTTP Request: POST https://api.telegram.org/bot8787313826:AAH5BcKXf7xJjTpg48VIc0kZCHiDstzBeNY/getUpdates "HTTP/1.1 200 OK"
2026-03-26 12:42:54,348 - httpx - INFO - HTTP Request: POST https://api.telegram.org/bot8787313826:AAH5BcKXf7xJjTpg48VIc0kZCHiDstzBeNY/getUpdates "HTTP/1.1 200 OK"
2026-03-26 12:43:00,995 - strategies.rsi_strategy - INFO - [RSIPro_ETH/USDT] Analisando RSI Pro + SMMA + Bandas de Bollinger + ADX + Volume...
2026-03-26 12:43:00,995 - strategies.ma_cross_strategy - INFO - [MACrossPro_ETH/USDT] A processar MA Cross Pro (EMA 5/13) + SMMA + RSI + ADX + Volume...
2026-03-26 12:43:00,996 - strategies.engulf_ma_strategy - INFO - [PriceActionPro_ETH/USDT] Analisando Price Action Pro + EMA 5 + SMMA 21 + RSI + ADX + Volume...
2026-03-26 12:43:00,996 - strategies.rsi_strategy - INFO - [RSIPro_XRP/USDT] Analisando RSI Pro + SMMA + Bandas de Bollinger + ADX + Volume...
2026-03-26 12:43:00,996 - strategies.ma_cross_strategy - INFO - [MACrossPro_XRP/USDT] A processar MA Cross Pro (EMA 5/13) + SMMA + RSI + ADX + Volume...
2026-03-26 12:43:00,997 - strategies.engulf_ma_strategy - INFO - [PriceActionPro_XRP/USDT] Analisando Price Action Pro + EMA 5 + SMMA 21 + RSI + ADX + Volume...
2026-03-26 12:43:00,997 - strategies.rsi_strategy - INFO - [RSIPro_SOL/USDT] Analisando RSI Pro + SMMA + Bandas de Bollinger + ADX + Volume...
2026-03-26 12:43:00,998 - strategies.ma_cross_strategy - INFO - [MACrossPro_SOL/USDT] A processar MA Cross Pro (EMA 5/13) + SMMA + RSI + ADX + Volume...
2026-03-26 12:43:00,998 - strategies.engulf_ma_strategy - INFO - [PriceActionPro_SOL/USDT] Analisando Price Action Pro + EMA 5 + SMMA 21 + RSI + ADX + Volume...
2026-03-26 12:43:04,550 - httpx - INFO - HTTP Request: POST https://api.telegram.org/bot8787313826:AAH5BcKXf7xJjTpg48VIc0kZCHiDstzBeNY/getUpdates "HTTP/1.1 200 OK"
2026-03-26 12:43:14,756 - httpx - INFO - HTTP Request: POST https://api.telegram.org/bot8787313826:AAH5BcKXf7xJjTpg48VIc0kZCHiDstzBeNY/getUpdates "HTTP/1.1 200 OK"
2026-03-26 12:43:25,042 - httpx - INFO - HTTP Request: POST https://api.telegram.org/bot8787313826:AAH5BcKXf7xJjTpg48VIc0kZCHiDstzBeNY/getUpdates "HTTP/1.1 200 OK"
2026-03-26 12:43:35,252 - httpx - INFO - HTTP Request: POST https://api.telegram.org/bot8787313826:AAH5BcKXf7xJjTpg48VIc0kZCHiDstzBeNY/getUpdates "HTTP/1.1 200 OK"
2026-03-26 12:44:01,006 - strategies.rsi_strategy - INFO - [RSIPro_ETH/USDT] Analisando RSI Pro + SMMA + Bandas de Bollinger + ADX + Volume...
2026-03-26 12:44:01,006 - strategies.ma_cross_strategy - INFO - [MACrossPro_ETH/USDT] A processar MA Cross Pro (EMA 5/13) + SMMA + RSI + ADX + Volume...
2026-03-26 12:44:01,007 - strategies.engulf_ma_strategy - INFO - [PriceActionPro_ETH/USDT] Analisando Price Action Pro + EMA 5 + SMMA 21 + RSI + ADX + Volume...
2026-03-26 12:44:01,007 - strategies.rsi_strategy - INFO - [RSIPro_SOL/USDT] Analisando RSI Pro + SMMA + Bandas de Bollinger + ADX + Volume...
2026-03-26 12:44:01,008 - strategies.ma_cross_strategy - INFO - [MACrossPro_SOL/USDT] A processar MA Cross Pro (EMA 5/13) + SMMA + RSI + ADX + Volume...
2026-03-26 12:44:01,008 - strategies.engulf_ma_strategy - INFO - [PriceActionPro_SOL/USDT] Analisando Price Action Pro + EMA 5 + SMMA 21 + RSI + ADX + Volume...
2026-03-26 12:44:01,008 - strategies.rsi_strategy - INFO - [RSIPro_XRP/USDT] Analisando RSI Pro + SMMA + Bandas de Bollinger + ADX + Volume...
2026-03-26 12:44:01,009 - strategies.ma_cross_strategy - INFO - [MACrossPro_XRP/USDT] A processar MA Cross Pro (EMA 5/13) + SMMA + RSI + ADX + Volume...
2026-03-26 12:44:01,009 - strategies.engulf_ma_strategy - INFO - [PriceActionPro_XRP/USDT] Analisando Price Action Pro + EMA 5 + SMMA 21 + RSI + ADX + Volume...
2026-03-26 12:44:02,659 - httpx - INFO - HTTP Request: POST https://api.telegram.org/bot8787313826:AAH5BcKXf7xJjTpg48VIc0kZCHiDstzBeNY/getUpdates "HTTP/1.1 200 OK"
2026-03-26 12:44:12,881 - httpx - INFO - HTTP Request: POST https://api.telegram.org/bot8787313826:AAH5BcKXf7xJjTpg48VIc0kZCHiDstzBeNY/getUpdates "HTTP/1.1 200 OK"
2026-03-26 12:44:23,116 - httpx - INFO - HTTP Request: POST https://api.telegram.org/bot8787313826:AAH5BcKXf7xJjTpg48VIc0kZCHiDstzBeNY/getUpdates "HTTP/1.1 200 OK"
2026-03-26 12:44:33,345 - httpx - INFO - HTTP Request: POST https://api.telegram.org/bot8787313826:AAH5BcKXf7xJjTpg48VIc0kZCHiDstzBeNY/getUpdates "HTTP/1.1 200 OK"
2026-03-26 12:44:43,577 - httpx - INFO - HTTP Request: POST https://api.telegram.org/bot8787313826:AAH5BcKXf7xJjTpg48VIc0kZCHiDstzBeNY/getUpdates "HTTP/1.1 200 OK"
2026-03-26 12:44:53,787 - httpx - INFO - HTTP Request: POST https://api.telegram.org/bot8787313826:AAH5BcKXf7xJjTpg48VIc0kZCHiDstzBeNY/getUpdates "HTTP/1.1 200 OK"
2026-03-26 12:45:01,006 - strategies.rsi_strategy - INFO - [RSIPro_ETH/USDT] Analisando RSI Pro + SMMA + Bandas de Bollinger + ADX + Volume...
2026-03-26 12:45:01,006 - strategies.ma_cross_strategy - INFO - [MACrossPro_ETH/USDT] A processar MA Cross Pro (EMA 5/13) + SMMA + RSI + ADX + Volume...
2026-03-26 12:45:01,007 - strategies.engulf_ma_strategy - INFO - [PriceActionPro_ETH/USDT] Analisando Price Action Pro + EMA 5 + SMMA 21 + RSI + ADX + Volume...
2026-03-26 12:45:01,008 - strategies.rsi_strategy - INFO - [RSIPro_SOL/USDT] Analisando RSI Pro + SMMA + Bandas de Bollinger + ADX + Volume...
2026-03-26 12:45:01,008 - strategies.ma_cross_strategy - INFO - [MACrossPro_SOL/USDT] A processar MA Cross Pro (EMA 5/13) + SMMA + RSI + ADX + Volume...
2026-03-26 12:45:01,008 - strategies.engulf_ma_strategy - INFO - [PriceActionPro_SOL/USDT] Analisando Price Action Pro + EMA 5 + SMMA 21 + RSI + ADX + Volume...
2026-03-26 12:45:01,008 - strategies.rsi_strategy - INFO - [RSIPro_XRP/USDT] Analisando RSI Pro + SMMA + Bandas de Bollinger + ADX + Volume...
2026-03-26 12:45:01,009 - strategies.ma_cross_strategy - INFO - [MACrossPro_XRP/USDT] A processar MA Cross Pro (EMA 5/13) + SMMA + RSI + ADX + Volume...
2026-03-26 12:45:01,009 - strategies.engulf_ma_strategy - INFO - [PriceActionPro_XRP/USDT] Analisando Price Action Pro + EMA 5 + SMMA 21 + RSI + ADX + Volume...
2026-03-26 12:45:04,029 - httpx - INFO - HTTP Request: POST https://api.telegram.org/bot8787313826:AAH5BcKXf7xJjTpg48VIc0kZCHiDstzBeNY/getUpdates "HTTP/1.1 200 OK"
2026-03-26 12:45:14,281 - httpx - INFO - HTTP Request: POST https://api.telegram.org/bot8787313826:AAH5BcKXf7xJjTpg48VIc0kZCHiDstzBeNY/getUpdates "HTTP/1.1 200 OK"
2026-03-26 12:45:24,482 - httpx - INFO - HTTP Request: POST https://api.telegram.org/bot8787313826:AAH5BcKXf7xJjTpg48VIc0kZCHiDstzBeNY/getUpdates "HTTP/1.1 200 OK"
2026-03-26 12:45:34,697 - httpx - INFO - HTTP Request: POST https://api.telegram.org/bot8787313826:AAH5BcKXf7xJjTpg48VIc0kZCHiDstzBeNY/getUpdates "HTTP/1.1 200 OK"
2026-03-26 12:45:45,001 - httpx - INFO - HTTP Request: POST https://api.telegram.org/bot8787313826:AAH5BcKXf7xJjTpg48VIc0kZCHiDstzBeNY/getUpdates "HTTP/1.1 200 OK"
2026-03-26 12:45:55,247 - httpx - INFO - HTTP Request: POST https://api.telegram.org/bot8787313826:AAH5BcKXf7xJjTpg48VIc0kZCHiDstzBeNY/getUpdates "HTTP/1.1 200 OK"
2026-03-26 12:46:01,001 - strategies.rsi_strategy - INFO - [RSIPro_ETH/USDT] Analisando RSI Pro + SMMA + Bandas de Bollinger + ADX + Volume...
2026-03-26 12:46:01,002 - strategies.ma_cross_strategy - INFO - [MACrossPro_ETH/USDT] A processar MA Cross Pro (EMA 5/13) + SMMA + RSI + ADX + Volume...
2026-03-26 12:46:01,002 - strategies.engulf_ma_strategy - INFO - [PriceActionPro_ETH/USDT] Analisando Price Action Pro + EMA 5 + SMMA 21 + RSI + ADX + Volume...
2026-03-26 12:46:01,002 - strategies.rsi_strategy - INFO - [RSIPro_XRP/USDT] Analisando RSI Pro + SMMA + Bandas de Bollinger + ADX + Volume...
2026-03-26 12:46:01,002 - strategies.ma_cross_strategy - INFO - [MACrossPro_XRP/USDT] A processar MA Cross Pro (EMA 5/13) + SMMA + RSI + ADX + Volume...
2026-03-26 12:46:01,003 - strategies.engulf_ma_strategy - INFO - [PriceActionPro_XRP/USDT] Analisando Price Action Pro + EMA 5 + SMMA 21 + RSI + ADX + Volume...
2026-03-26 12:46:01,003 - strategies.rsi_strategy - INFO - [RSIPro_SOL/USDT] Analisando RSI Pro + SMMA + Bandas de Bollinger + ADX + Volume...
2026-03-26 12:46:01,004 - strategies.ma_cross_strategy - INFO - [MACrossPro_SOL/USDT] A processar MA Cross Pro (EMA 5/13) + SMMA + RSI + ADX + Volume...
2026-03-26 12:46:01,004 - strategies.engulf_ma_strategy - INFO - [PriceActionPro_SOL/USDT] Analisando Price Action Pro + EMA 5 + SMMA 21 + RSI + ADX + Volume...
2026-03-26 12:46:05,485 - httpx - INFO - HTTP Request: POST https://api.telegram.org/bot8787313826:AAH5BcKXf7xJjTpg48VIc0kZCHiDstzBeNY/getUpdates "HTTP/1.1 200 OK"
2026-03-26 12:46:15,696 - httpx - INFO - HTTP Request: POST https://api.telegram.org/bot8787313826:AAH5BcKXf7xJjTpg48VIc0kZCHiDstzBeNY/getUpdates "HTTP/1.1 200 OK"
2026-03-26 12:46:25,929 - httpx - INFO - HTTP Request: POST https://api.telegram.org/bot8787313826:AAH5BcKXf7xJjTpg48VIc0kZCHiDstzBeNY/getUpdates "HTTP/1.1 200 OK"
2026-03-26 12:46:36,132 - httpx - INFO - HTTP Request: POST https://api.telegram.org/bot8787313826:AAH5BcKXf7xJjTpg48VIc0kZCHiDstzBeNY/getUpdates "HTTP/1.1 200 OK"
2026-03-26 12:46:46,332 - httpx - INFO - HTTP Request: POST https://api.telegram.org/bot8787313826:AAH5BcKXf7xJjTpg48VIc0kZCHiDstzBeNY/getUpdates "HTTP/1.1 200 OK"
2026-03-26 12:46:56,537 - httpx - INFO - HTTP Request: POST https://api.telegram.org/bot8787313826:AAH5BcKXf7xJjTpg48VIc0kZCHiDstzBeNY/getUpdates "HTTP/1.1 200 OK"
2026-03-26 12:47:00,995 - strategies.rsi_strategy - INFO - [RSIPro_ETH/USDT] Analisando RSI Pro + SMMA + Bandas de Bollinger + ADX + Volume...
2026-03-26 12:47:00,996 - strategies.ma_cross_strategy - INFO - [MACrossPro_ETH/USDT] A processar MA Cross Pro (EMA 5/13) + SMMA + RSI + ADX + Volume...
2026-03-26 12:47:00,996 - strategies.engulf_ma_strategy - INFO - [PriceActionPro_ETH/USDT] Analisando Price Action Pro + EMA 5 + SMMA 21 + RSI + ADX + Volume...
2026-03-26 12:47:00,996 - strategies.rsi_strategy - INFO - [RSIPro_XRP/USDT] Analisando RSI Pro + SMMA + Bandas de Bollinger + ADX + Volume...
2026-03-26 12:47:00,997 - strategies.ma_cross_strategy - INFO - [MACrossPro_XRP/USDT] A processar MA Cross Pro (EMA 5/13) + SMMA + RSI + ADX + Volume...
2026-03-26 12:47:00,998 - strategies.engulf_ma_strategy - INFO - [PriceActionPro_XRP/USDT] Analisando Price Action Pro + EMA 5 + SMMA 21 + RSI + ADX + Volume...
2026-03-26 12:47:00,998 - strategies.rsi_strategy - INFO - [RSIPro_SOL/USDT] Analisando RSI Pro + SMMA + Bandas de Bollinger + ADX + Volume...
2026-03-26 12:47:00,998 - strategies.ma_cross_strategy - INFO - [MACrossPro_SOL/USDT] A processar MA Cross Pro (EMA 5/13) + SMMA + RSI + ADX + Volume...
2026-03-26 12:47:01,000 - strategies.engulf_ma_strategy - INFO - [PriceActionPro_SOL/USDT] Analisando Price Action Pro + EMA 5 + SMMA 21 + RSI + ADX + Volume...
2026-03-26 12:47:01,510 - strategies.rsi_strategy - INFO - ⚡ [PRO RSI] VENDA EXTREMA em XRP/USDT! (RSI: 69.0 | BB: OK | Vol: OK)
2026-03-26 12:47:01,695 - strategies.rsi_strategy - INFO - ⚡ [PRO RSI] VENDA EXTREMA em ETH/USDT! (RSI: 67.2 | BB: OK | Vol: OK)
2026-03-26 12:47:01,699 - strategies.consensus_strategy - INFO - 🤝 CONSENSO APROVADO! | ▫️ Ativo: ETH/USDT | ▫️ Direção: 🈲 VENDA | ▫️ Votos a favor: 1 | ▫️ Aprovado por: RSI Pro
2026-03-26 12:47:02,086 - strategies.consensus_strategy - INFO - 🤝 CONSENSO APROVADO! | ▫️ Ativo: XRP/USDT | ▫️ Direção: 🈲 VENDA | ▫️ Votos a favor: 1 | ▫️ Aprovado por: RSI Pro
2026-03-26 12:47:02,468 - httpx - INFO - HTTP Request: POST https://api.telegram.org/bot8787313826:AAH5BcKXf7xJjTpg48VIc0kZCHiDstzBeNY/sendMessage "HTTP/1.1 200 OK"
2026-03-26 12:47:02,528 - api.broker_api - INFO - ⚡ Disparando ordem de SELL via Estratégia...
2026-03-26 12:47:02,823 - httpx - INFO - HTTP Request: POST https://api.telegram.org/bot8787313826:AAH5BcKXf7xJjTpg48VIc0kZCHiDstzBeNY/sendMessage "HTTP/1.1 200 OK"
2026-03-26 12:47:02,831 - api.broker_api - INFO - ⚡ Disparando ordem de SELL via Estratégia...
2026-03-26 12:47:03,317 - scraper.hiove_scraper - INFO - ⚡ [ETH/USDT] SINAL SINCRONIZADO! Disparando ordem de SELL...
2026-03-26 12:47:03,519 - scraper.hiove_scraper - INFO - ✅ [ETH/USDT] Ordem de VENDA executada na abertura da vela!
2026-03-26 12:47:03,553 - api.broker_api - INFO - ⏳ [ETH/USDT] O robô dormirá por 62s para sincronizar com a corretora...
2026-03-26 12:47:03,903 - httpx - INFO - HTTP Request: POST https://api.telegram.org/bot8787313826:AAH5BcKXf7xJjTpg48VIc0kZCHiDstzBeNY/sendMessage "HTTP/1.1 200 OK"
2026-03-26 12:47:04,440 - scraper.hiove_scraper - INFO - ⚡ [XRP/USDT] SINAL SINCRONIZADO! Disparando ordem de SELL...
2026-03-26 12:47:04,685 - scraper.hiove_scraper - INFO - ✅ [XRP/USDT] Ordem de VENDA executada na abertura da vela!
2026-03-26 12:47:04,710 - api.broker_api - INFO - ⏳ [XRP/USDT] O robô dormirá por 61s para sincronizar com a corretora...
2026-03-26 12:47:05,055 - httpx - INFO - HTTP Request: POST https://api.telegram.org/bot8787313826:AAH5BcKXf7xJjTpg48VIc0kZCHiDstzBeNY/sendMessage "HTTP/1.1 200 OK"
2026-03-26 12:47:06,740 - httpx - INFO - HTTP Request: POST https://api.telegram.org/bot8787313826:AAH5BcKXf7xJjTpg48VIc0kZCHiDstzBeNY/getUpdates "HTTP/1.1 200 OK"
2026-03-26 12:47:16,950 - httpx - INFO - HTTP Request: POST https://api.telegram.org/bot8787313826:AAH5BcKXf7xJjTpg48VIc0kZCHiDstzBeNY/getUpdates "HTTP/1.1 200 OK"
2026-03-26 12:47:27,156 - httpx - INFO - HTTP Request: POST https://api.telegram.org/bot8787313826:AAH5BcKXf7xJjTpg48VIc0kZCHiDstzBeNY/getUpdates "HTTP/1.1 200 OK"
2026-03-26 12:47:37,358 - httpx - INFO - HTTP Request: POST https://api.telegram.org/bot8787313826:AAH5BcKXf7xJjTpg48VIc0kZCHiDstzBeNY/getUpdates "HTTP/1.1 200 OK"
2026-03-26 12:47:47,560 - httpx - INFO - HTTP Request: POST https://api.telegram.org/bot8787313826:AAH5BcKXf7xJjTpg48VIc0kZCHiDstzBeNY/getUpdates "HTTP/1.1 200 OK"
2026-03-26 12:47:57,764 - httpx - INFO - HTTP Request: POST https://api.telegram.org/bot8787313826:AAH5BcKXf7xJjTpg48VIc0kZCHiDstzBeNY/getUpdates "HTTP/1.1 200 OK"
2026-03-26 12:48:00,996 - strategies.rsi_strategy - INFO - [RSIPro_SOL/USDT] Analisando RSI Pro + SMMA + Bandas de Bollinger + ADX + Volume...
2026-03-26 12:48:00,999 - strategies.ma_cross_strategy - INFO - [MACrossPro_SOL/USDT] A processar MA Cross Pro (EMA 5/13) + SMMA + RSI + ADX + Volume...
2026-03-26 12:48:00,999 - strategies.engulf_ma_strategy - INFO - [PriceActionPro_SOL/USDT] Analisando Price Action Pro + EMA 5 + SMMA 21 + RSI + ADX + Volume...
2026-03-26 12:48:01,000 - strategies.rsi_strategy - INFO - [RSIPro_XRP/USDT] Analisando RSI Pro + SMMA + Bandas de Bollinger + ADX + Volume...
2026-03-26 12:48:01,000 - strategies.ma_cross_strategy - INFO - [MACrossPro_XRP/USDT] A processar MA Cross Pro (EMA 5/13) + SMMA + RSI + ADX + Volume...
2026-03-26 12:48:01,001 - strategies.engulf_ma_strategy - INFO - [PriceActionPro_XRP/USDT] Analisando Price Action Pro + EMA 5 + SMMA 21 + RSI + ADX + Volume...
2026-03-26 12:48:01,001 - strategies.rsi_strategy - INFO - [RSIPro_ETH/USDT] Analisando RSI Pro + SMMA + Bandas de Bollinger + ADX + Volume...
2026-03-26 12:48:01,001 - strategies.ma_cross_strategy - INFO - [MACrossPro_ETH/USDT] A processar MA Cross Pro (EMA 5/13) + SMMA + RSI + ADX + Volume...
2026-03-26 12:48:01,002 - strategies.engulf_ma_strategy - INFO - [PriceActionPro_ETH/USDT] Analisando Price Action Pro + EMA 5 + SMMA 21 + RSI + ADX + Volume...
2026-03-26 12:48:05,564 - scraper.hiove_scraper - INFO - ⏳ [ETH/USDT] Operação finalizada. Aguardando a corretora processar...
2026-03-26 12:48:05,725 - scraper.hiove_scraper - INFO - ⏳ [XRP/USDT] Operação finalizada. Aguardando a corretora processar...
2026-03-26 12:48:07,964 - httpx - INFO - HTTP Request: POST https://api.telegram.org/bot8787313826:AAH5BcKXf7xJjTpg48VIc0kZCHiDstzBeNY/getUpdates "HTTP/1.1 200 OK"
2026-03-26 12:48:08,944 - scraper.hiove_scraper - INFO - ✅ [XRP/USDT] HISTÓRICO CONFIRMADO! -> Ativo: XRP/USDT | Tempo: 12:47 / M1 | Valor: $1.85 | Status: WIN
2026-03-26 12:48:08,978 - scraper.hiove_scraper - INFO - ✅ [ETH/USDT] HISTÓRICO CONFIRMADO! -> Ativo: ETH/USDT | Tempo: 12:47 / M1 | Valor: $1.85 | Status: WIN
2026-03-26 12:48:09,795 - core.database - INFO - 💾 Resultado guardado: real_scraper_order_ETH/USDT | WIN | Lucro: $0.8500000000000001
2026-03-26 12:48:09,812 - core.database - INFO - 💾 Resultado guardado: real_scraper_order_XRP/USDT | WIN | Lucro: $0.8500000000000001
2026-03-26 12:48:09,852 - api.broker_api - INFO - Resultado da Operação! | 🟢 WIN | ▫️ Ativo: ETH/USDT | ▫️ Direção: 🈲 VENDA | ▫️ Tempo: 01:00 | ▫️ Payout: N/A | ▫️ Valor Ordem: $1.00 | ▫️ Horário do Sinal: 12:47:03 | ▫️ Horário do Fim: 12:48:09 | ▫️ Resultado: $0.85 |  | 💰 Balanço da Conta: $10421.91 | 📊 Lucro Acumulado: $2.15
2026-03-26 12:48:09,906 - api.broker_api - INFO - Resultado da Operação! | 🟢 WIN | ▫️ Ativo: XRP/USDT | ▫️ Direção: 🈲 VENDA | ▫️ Tempo: 01:00 | ▫️ Payout: N/A | ▫️ Valor Ordem: $1.00 | ▫️ Horário do Sinal: 12:47:04 | ▫️ Horário do Fim: 12:48:09 | ▫️ Resultado: $0.85 |  | 💰 Balanço da Conta: $10421.91 | 📊 Lucro Acumulado: $2.15
2026-03-26 12:48:10,578 - httpx - INFO - HTTP Request: POST https://api.telegram.org/bot8787313826:AAH5BcKXf7xJjTpg48VIc0kZCHiDstzBeNY/sendMessage "HTTP/1.1 200 OK"
2026-03-26 12:48:10,630 - httpx - INFO - HTTP Request: POST https://api.telegram.org/bot8787313826:AAH5BcKXf7xJjTpg48VIc0kZCHiDstzBeNY/sendMessage "HTTP/1.1 200 OK"
2026-03-26 12:48:18,175 - httpx - INFO - HTTP Request: POST https://api.telegram.org/bot8787313826:AAH5BcKXf7xJjTpg48VIc0kZCHiDstzBeNY/getUpdates "HTTP/1.1 200 OK"
2026-03-26 12:48:28,414 - httpx - INFO - HTTP Request: POST https://api.telegram.org/bot8787313826:AAH5BcKXf7xJjTpg48VIc0kZCHiDstzBeNY/getUpdates "HTTP/1.1 200 OK"
2026-03-26 12:48:38,614 - httpx - INFO - HTTP Request: POST https://api.telegram.org/bot8787313826:AAH5BcKXf7xJjTpg48VIc0kZCHiDstzBeNY/getUpdates "HTTP/1.1 200 OK"
2026-03-26 12:49:01,000 - strategies.rsi_strategy - INFO - [RSIPro_XRP/USDT] Analisando RSI Pro + SMMA + Bandas de Bollinger + ADX + Volume...
2026-03-26 12:49:01,000 - strategies.ma_cross_strategy - INFO - [MACrossPro_XRP/USDT] A processar MA Cross Pro (EMA 5/13) + SMMA + RSI + ADX + Volume...
2026-03-26 12:49:01,002 - strategies.engulf_ma_strategy - INFO - [PriceActionPro_XRP/USDT] Analisando Price Action Pro + EMA 5 + SMMA 21 + RSI + ADX + Volume...
2026-03-26 12:49:01,002 - strategies.rsi_strategy - INFO - [RSIPro_ETH/USDT] Analisando RSI Pro + SMMA + Bandas de Bollinger + ADX + Volume...
2026-03-26 12:49:01,002 - strategies.ma_cross_strategy - INFO - [MACrossPro_ETH/USDT] A processar MA Cross Pro (EMA 5/13) + SMMA + RSI + ADX + Volume...
2026-03-26 12:49:01,003 - strategies.engulf_ma_strategy - INFO - [PriceActionPro_ETH/USDT] Analisando Price Action Pro + EMA 5 + SMMA 21 + RSI + ADX + Volume...
2026-03-26 12:49:01,003 - strategies.rsi_strategy - INFO - [RSIPro_SOL/USDT] Analisando RSI Pro + SMMA + Bandas de Bollinger + ADX + Volume...
2026-03-26 12:49:01,003 - strategies.ma_cross_strategy - INFO - [MACrossPro_SOL/USDT] A processar MA Cross Pro (EMA 5/13) + SMMA + RSI + ADX + Volume...
2026-03-26 12:49:01,004 - strategies.engulf_ma_strategy - INFO - [PriceActionPro_SOL/USDT] Analisando Price Action Pro + EMA 5 + SMMA 21 + RSI + ADX + Volume...
2026-03-26 12:49:04,501 - httpx - INFO - HTTP Request: POST https://api.telegram.org/bot8787313826:AAH5BcKXf7xJjTpg48VIc0kZCHiDstzBeNY/getUpdates "HTTP/1.1 200 OK"
2026-03-26 12:49:14,711 - httpx - INFO - HTTP Request: POST https://api.telegram.org/bot8787313826:AAH5BcKXf7xJjTpg48VIc0kZCHiDstzBeNY/getUpdates "HTTP/1.1 200 OK"
2026-03-26 12:49:24,914 - httpx - INFO - HTTP Request: POST https://api.telegram.org/bot8787313826:AAH5BcKXf7xJjTpg48VIc0kZCHiDstzBeNY/getUpdates "HTTP/1.1 200 OK"
2026-03-26 12:49:35,120 - httpx - INFO - HTTP Request: POST https://api.telegram.org/bot8787313826:AAH5BcKXf7xJjTpg48VIc0kZCHiDstzBeNY/getUpdates "HTTP/1.1 200 OK"
2026-03-26 12:49:46,360 - httpx - INFO - HTTP Request: POST https://api.telegram.org/bot8787313826:AAH5BcKXf7xJjTpg48VIc0kZCHiDstzBeNY/getUpdates "HTTP/1.1 200 OK"
2026-03-26 12:50:00,234 - httpx - INFO - HTTP Request: POST https://api.telegram.org/bot8787313826:AAH5BcKXf7xJjTpg48VIc0kZCHiDstzBeNY/getUpdates "HTTP/1.1 200 OK"
2026-03-26 12:50:01,004 - strategies.rsi_strategy - INFO - [RSIPro_SOL/USDT] Analisando RSI Pro + SMMA + Bandas de Bollinger + ADX + Volume...
2026-03-26 12:50:01,005 - strategies.ma_cross_strategy - INFO - [MACrossPro_SOL/USDT] A processar MA Cross Pro (EMA 5/13) + SMMA + RSI + ADX + Volume...
2026-03-26 12:50:01,007 - strategies.engulf_ma_strategy - INFO - [PriceActionPro_SOL/USDT] Analisando Price Action Pro + EMA 5 + SMMA 21 + RSI + ADX + Volume...
2026-03-26 12:50:01,010 - strategies.rsi_strategy - INFO - [RSIPro_XRP/USDT] Analisando RSI Pro + SMMA + Bandas de Bollinger + ADX + Volume...
2026-03-26 12:50:01,011 - strategies.ma_cross_strategy - INFO - [MACrossPro_XRP/USDT] A processar MA Cross Pro (EMA 5/13) + SMMA + RSI + ADX + Volume...
2026-03-26 12:50:01,011 - strategies.engulf_ma_strategy - INFO - [PriceActionPro_XRP/USDT] Analisando Price Action Pro + EMA 5 + SMMA 21 + RSI + ADX + Volume...
2026-03-26 12:50:01,012 - strategies.rsi_strategy - INFO - [RSIPro_ETH/USDT] Analisando RSI Pro + SMMA + Bandas de Bollinger + ADX + Volume...
2026-03-26 12:50:01,012 - strategies.ma_cross_strategy - INFO - [MACrossPro_ETH/USDT] A processar MA Cross Pro (EMA 5/13) + SMMA + RSI + ADX + Volume...
2026-03-26 12:50:01,013 - strategies.engulf_ma_strategy - INFO - [PriceActionPro_ETH/USDT] Analisando Price Action Pro + EMA 5 + SMMA 21 + RSI + ADX + Volume...
2026-03-26 12:50:10,498 - httpx - INFO - HTTP Request: POST https://api.telegram.org/bot8787313826:AAH5BcKXf7xJjTpg48VIc0kZCHiDstzBeNY/getUpdates "HTTP/1.1 200 OK"
2026-03-26 12:50:20,737 - httpx - INFO - HTTP Request: POST https://api.telegram.org/bot8787313826:AAH5BcKXf7xJjTpg48VIc0kZCHiDstzBeNY/getUpdates "HTTP/1.1 200 OK"
2026-03-26 12:50:30,936 - httpx - INFO - HTTP Request: POST https://api.telegram.org/bot8787313826:AAH5BcKXf7xJjTpg48VIc0kZCHiDstzBeNY/getUpdates "HTTP/1.1 200 OK"
2026-03-26 12:50:39,231 - httpx - INFO - HTTP Request: POST https://api.telegram.org/bot8787313826:AAH5BcKXf7xJjTpg48VIc0kZCHiDstzBeNY/getUpdates "HTTP/1.1 200 OK"
2026-03-26 12:50:39,980 - httpx - INFO - HTTP Request: POST https://api.telegram.org/bot8787313826:AAH5BcKXf7xJjTpg48VIc0kZCHiDstzBeNY/sendMessage "HTTP/1.1 200 OK"
2026-03-26 12:50:41,289 - httpx - INFO - HTTP Request: POST https://api.telegram.org/bot8787313826:AAH5BcKXf7xJjTpg48VIc0kZCHiDstzBeNY/getUpdates "HTTP/1.1 200 OK"
2026-03-26 12:50:41,625 - httpx - INFO - HTTP Request: POST https://api.telegram.org/bot8787313826:AAH5BcKXf7xJjTpg48VIc0kZCHiDstzBeNY/answerCallbackQuery "HTTP/1.1 200 OK"
2026-03-26 12:50:41,979 - httpx - INFO - HTTP Request: POST https://api.telegram.org/bot8787313826:AAH5BcKXf7xJjTpg48VIc0kZCHiDstzBeNY/editMessageText "HTTP/1.1 200 OK"
2026-03-26 12:50:42,011 - __main__ - INFO - Iniciando processo de desligamento da sessão...
2026-03-26 12:50:42,012 - strategy_manager - INFO - Recebido comando para parar todas as estratégias.
2026-03-26 12:50:42,012 - strategy_manager - INFO - Todas as estratégias foram paradas.
2026-03-26 12:50:42,013 - scraper.hiove_scraper - INFO - Fechando todas as abas exclusivas dos ativos...
2026-03-26 12:50:42,097 - scraper.hiove_scraper - INFO - Aba do ativo SOL/USDT fechada com sucesso.
2026-03-26 12:50:42,172 - scraper.hiove_scraper - INFO - Aba do ativo XRP/USDT fechada com sucesso.
2026-03-26 12:50:42,228 - scraper.hiove_scraper - INFO - Aba do ativo ETH/USDT fechada com sucesso.
2026-03-26 12:50:42,230 - api.broker_api - INFO - Sessão HTTP do Broker encerrada.
2026-03-26 12:50:42,253 - scraper.hiove_scraper - INFO - ⏹️ Monitor de Tela encerrado com sucesso.
2026-03-26 12:50:42,378 - httpx - INFO - HTTP Request: POST https://api.telegram.org/bot8787313826:AAH5BcKXf7xJjTpg48VIc0kZCHiDstzBeNY/editMessageText "HTTP/1.1 200 OK"
2026-03-26 12:50:43,118 - __main__ - INFO - Sessão finalizada com sucesso. Memória limpa.
2026-03-26 12:50:46,561 - httpx - INFO - HTTP Request: POST https://api.telegram.org/bot8787313826:AAH5BcKXf7xJjTpg48VIc0kZCHiDstzBeNY/getUpdates "HTTP/1.1 200 OK"
2026-03-26 12:50:46,924 - httpx - INFO - HTTP Request: POST https://api.telegram.org/bot8787313826:AAH5BcKXf7xJjTpg48VIc0kZCHiDstzBeNY/answerCallbackQuery "HTTP/1.1 200 OK"
2026-03-26 12:50:47,355 - httpx - INFO - HTTP Request: POST https://api.telegram.org/bot8787313826:AAH5BcKXf7xJjTpg48VIc0kZCHiDstzBeNY/editMessageText "HTTP/1.1 200 OK"
2026-03-26 12:50:56,797 - httpx - INFO - HTTP Request: POST https://api.telegram.org/bot8787313826:AAH5BcKXf7xJjTpg48VIc0kZCHiDstzBeNY/getUpdates "HTTP/1.1 200 OK"
2026-03-26 12:50:57,377 - __main__ - INFO - Bot interrompido manualmente pelo usuário.
